page_index,id,language_code,audio_path
10,text-10-9,es,tts_output/text_to_speech/text-10-9_es.mp3
10,text-10-10,es,tts_output/text_to_speech/text-10-10_es.mp3
10,text-10-3,es,tts_output/text_to_speech/text-10-3_es.mp3
10,text-10-7,es,tts_output/text_to_speech/text-10-7_es.mp3
12,text-12-4,es,tts_output/text_to_speech/text-12-4_es.mp3
12,text-12-2,es,tts_output/text_to_speech/text-12-2_es.mp3
10,text-10-8,es,tts_output/text_to_speech/text-10-8_es.mp3
10,text-10-4,es,tts_output/text_to_speech/text-10-4_es.mp3
10,text-10-0,es,tts_output/text_to_speech/text-10-0_es.mp3
10,text-10-2,es,tts_output/text_to_speech/text-10-2_es.mp3
10,text-10-6,es,tts_output/text_to_speech/text-10-6_es.mp3
10,text-10-1,es,tts_output/text_to_speech/text-10-1_es.mp3
12,text-12-3,es,tts_output/text_to_speech/text-12-3_es.mp3
10,text-10-5,es,tts_output/text_to_speech/text-10-5_es.mp3
10,text-10-11,es,tts_output/text_to_speech/text-10-11_es.mp3
10,text-10-12,es,tts_output/text_to_speech/text-10-12_es.mp3
12,text-12-8,es,tts_output/text_to_speech/text-12-8_es.mp3
12,text-12-6,es,tts_output/text_to_speech/text-12-6_es.mp3
12,text-12-5,es,tts_output/text_to_speech/text-12-5_es.mp3
12,text-12-1,es,tts_output/text_to_speech/text-12-1_es.mp3
12,text-12-7,es,tts_output/text_to_speech/text-12-7_es.mp3
12,text-12-9,es,tts_output/text_to_speech/text-12-9_es.mp3
12,text-12-11,es,tts_output/text_to_speech/text-12-11_es.mp3
12,text-12-0,es,tts_output/text_to_speech/text-12-0_es.mp3
12,text-12-10,es,tts_output/text_to_speech/text-12-10_es.mp3
13,text-13-14,es,tts_output/text_to_speech/text-13-14_es.mp3
12,text-12-12,es,tts_output/text_to_speech/text-12-12_es.mp3
13,text-13-19,es,tts_output/text_to_speech/text-13-19_es.mp3
13,text-13-15,es,tts_output/text_to_speech/text-13-15_es.mp3
13,text-13-16,es,tts_output/text_to_speech/text-13-16_es.mp3
13,text-13-17,es,tts_output/text_to_speech/text-13-17_es.mp3
13,text-13-13,es,tts_output/text_to_speech/text-13-13_es.mp3
13,text-13-12,es,tts_output/text_to_speech/text-13-12_es.mp3
13,text-13-18,es,tts_output/text_to_speech/text-13-18_es.mp3
13,text-13-11,es,tts_output/text_to_speech/text-13-11_es.mp3
13,text-13-0,es,tts_output/text_to_speech/text-13-0_es.mp3
13,text-13-8,es,tts_output/text_to_speech/text-13-8_es.mp3
13,text-13-6,es,tts_output/text_to_speech/text-13-6_es.mp3
13,text-13-2,es,tts_output/text_to_speech/text-13-2_es.mp3
13,text-13-5,es,tts_output/text_to_speech/text-13-5_es.mp3
13,text-13-10,es,tts_output/text_to_speech/text-13-10_es.mp3
13,text-13-7,es,tts_output/text_to_speech/text-13-7_es.mp3
14,text-14-14,es,tts_output/text_to_speech/text-14-14_es.mp3
14,text-14-15,es,tts_output/text_to_speech/text-14-15_es.mp3
13,text-13-22,es,tts_output/text_to_speech/text-13-22_es.mp3
13,text-13-4,es,tts_output/text_to_speech/text-13-4_es.mp3
13,text-13-9,es,tts_output/text_to_speech/text-13-9_es.mp3
13,text-13-21,es,tts_output/text_to_speech/text-13-21_es.mp3
13,text-13-3,es,tts_output/text_to_speech/text-13-3_es.mp3
13,text-13-1,es,tts_output/text_to_speech/text-13-1_es.mp3
14,text-14-12,es,tts_output/text_to_speech/text-14-12_es.mp3
14,text-14-11,es,tts_output/text_to_speech/text-14-11_es.mp3
13,text-13-20,es,tts_output/text_to_speech/text-13-20_es.mp3
14,text-14-6,es,tts_output/text_to_speech/text-14-6_es.mp3
14,text-14-10,es,tts_output/text_to_speech/text-14-10_es.mp3
14,text-14-0,es,tts_output/text_to_speech/text-14-0_es.mp3
14,text-14-7,es,tts_output/text_to_speech/text-14-7_es.mp3
15,text-15-5,es,tts_output/text_to_speech/text-15-5_es.mp3
15,text-15-20,es,tts_output/text_to_speech/text-15-20_es.mp3
15,text-15-21,es,tts_output/text_to_speech/text-15-21_es.mp3
15,text-15-23,es,tts_output/text_to_speech/text-15-23_es.mp3
15,text-15-19,es,tts_output/text_to_speech/text-15-19_es.mp3
15,text-15-17,es,tts_output/text_to_speech/text-15-17_es.mp3
15,text-15-16,es,tts_output/text_to_speech/text-15-16_es.mp3
15,text-15-4,es,tts_output/text_to_speech/text-15-4_es.mp3
14,text-14-2,es,tts_output/text_to_speech/text-14-2_es.mp3
15,text-15-2,es,tts_output/text_to_speech/text-15-2_es.mp3
15,text-15-3,es,tts_output/text_to_speech/text-15-3_es.mp3
14,text-14-13,es,tts_output/text_to_speech/text-14-13_es.mp3
15,text-15-24,es,tts_output/text_to_speech/text-15-24_es.mp3
15,text-15-9,es,tts_output/text_to_speech/text-15-9_es.mp3
15,text-15-18,es,tts_output/text_to_speech/text-15-18_es.mp3
15,text-15-1,es,tts_output/text_to_speech/text-15-1_es.mp3
15,text-15-7,es,tts_output/text_to_speech/text-15-7_es.mp3
15,text-15-6,es,tts_output/text_to_speech/text-15-6_es.mp3
15,text-15-15,es,tts_output/text_to_speech/text-15-15_es.mp3
16,text-16-19,es,tts_output/text_to_speech/text-16-19_es.mp3
14,text-14-3,es,tts_output/text_to_speech/text-14-3_es.mp3
14,text-14-9,es,tts_output/text_to_speech/text-14-9_es.mp3
15,text-15-10,es,tts_output/text_to_speech/text-15-10_es.mp3
16,text-16-1,es,tts_output/text_to_speech/text-16-1_es.mp3
16,text-16-4,es,tts_output/text_to_speech/text-16-4_es.mp3
16,text-16-7,es,tts_output/text_to_speech/text-16-7_es.mp3
16,text-16-6,es,tts_output/text_to_speech/text-16-6_es.mp3
15,text-15-0,es,tts_output/text_to_speech/text-15-0_es.mp3
16,text-16-10,es,tts_output/text_to_speech/text-16-10_es.mp3
16,text-16-8,es,tts_output/text_to_speech/text-16-8_es.mp3
14,text-14-1,es,tts_output/text_to_speech/text-14-1_es.mp3
16,text-16-5,es,tts_output/text_to_speech/text-16-5_es.mp3
15,text-15-8,es,tts_output/text_to_speech/text-15-8_es.mp3
16,text-16-14,es,tts_output/text_to_speech/text-16-14_es.mp3
16,text-16-16,es,tts_output/text_to_speech/text-16-16_es.mp3
16,text-16-3,es,tts_output/text_to_speech/text-16-3_es.mp3
16,text-16-17,es,tts_output/text_to_speech/text-16-17_es.mp3
16,text-16-18,es,tts_output/text_to_speech/text-16-18_es.mp3
16,text-16-20,es,tts_output/text_to_speech/text-16-20_es.mp3
17,text-17-16,es,tts_output/text_to_speech/text-17-16_es.mp3
16,text-16-9,es,tts_output/text_to_speech/text-16-9_es.mp3
16,text-16-11,es,tts_output/text_to_speech/text-16-11_es.mp3
17,text-17-14,es,tts_output/text_to_speech/text-17-14_es.mp3
14,text-14-4,es,tts_output/text_to_speech/text-14-4_es.mp3
17,text-17-15,es,tts_output/text_to_speech/text-17-15_es.mp3
17,text-17-24,es,tts_output/text_to_speech/text-17-24_es.mp3
17,text-17-21,es,tts_output/text_to_speech/text-17-21_es.mp3
17,text-17-22,es,tts_output/text_to_speech/text-17-22_es.mp3
17,text-17-23,es,tts_output/text_to_speech/text-17-23_es.mp3
17,text-17-12,es,tts_output/text_to_speech/text-17-12_es.mp3
17,text-17-18,es,tts_output/text_to_speech/text-17-18_es.mp3
14,text-14-5,es,tts_output/text_to_speech/text-14-5_es.mp3
17,text-17-11,es,tts_output/text_to_speech/text-17-11_es.mp3
17,text-17-20,es,tts_output/text_to_speech/text-17-20_es.mp3
15,text-15-11,es,tts_output/text_to_speech/text-15-11_es.mp3
16,text-16-15,es,tts_output/text_to_speech/text-16-15_es.mp3
17,text-17-19,es,tts_output/text_to_speech/text-17-19_es.mp3
17,text-17-1,es,tts_output/text_to_speech/text-17-1_es.mp3
17,text-17-3,es,tts_output/text_to_speech/text-17-3_es.mp3
17,text-17-5,es,tts_output/text_to_speech/text-17-5_es.mp3
17,text-17-6,es,tts_output/text_to_speech/text-17-6_es.mp3
17,text-17-7,es,tts_output/text_to_speech/text-17-7_es.mp3
16,text-16-12,es,tts_output/text_to_speech/text-16-12_es.mp3
14,text-14-8,es,tts_output/text_to_speech/text-14-8_es.mp3
16,text-16-0,es,tts_output/text_to_speech/text-16-0_es.mp3
16,text-16-2,es,tts_output/text_to_speech/text-16-2_es.mp3
17,text-17-9,es,tts_output/text_to_speech/text-17-9_es.mp3
18,text-18-16,es,tts_output/text_to_speech/text-18-16_es.mp3
18,text-18-13,es,tts_output/text_to_speech/text-18-13_es.mp3
18,text-18-14,es,tts_output/text_to_speech/text-18-14_es.mp3
18,text-18-11,es,tts_output/text_to_speech/text-18-11_es.mp3
18,text-18-8,es,tts_output/text_to_speech/text-18-8_es.mp3
17,text-17-8,es,tts_output/text_to_speech/text-17-8_es.mp3
18,text-18-9,es,tts_output/text_to_speech/text-18-9_es.mp3
17,text-17-13,es,tts_output/text_to_speech/text-17-13_es.mp3
16,text-16-13,es,tts_output/text_to_speech/text-16-13_es.mp3
17,text-17-10,es,tts_output/text_to_speech/text-17-10_es.mp3
17,text-17-2,es,tts_output/text_to_speech/text-17-2_es.mp3
18,text-18-15,es,tts_output/text_to_speech/text-18-15_es.mp3
18,text-18-18,es,tts_output/text_to_speech/text-18-18_es.mp3
18,text-18-2,es,tts_output/text_to_speech/text-18-2_es.mp3
18,text-18-7,es,tts_output/text_to_speech/text-18-7_es.mp3
18,text-18-19,es,tts_output/text_to_speech/text-18-19_es.mp3
18,text-18-0,es,tts_output/text_to_speech/text-18-0_es.mp3
15,text-15-14,es,tts_output/text_to_speech/text-15-14_es.mp3
17,text-17-4,es,tts_output/text_to_speech/text-17-4_es.mp3
18,text-18-6,es,tts_output/text_to_speech/text-18-6_es.mp3
15,text-15-13,es,tts_output/text_to_speech/text-15-13_es.mp3
18,text-18-17,es,tts_output/text_to_speech/text-18-17_es.mp3
19,text-19-17,es,tts_output/text_to_speech/text-19-17_es.mp3
19,text-19-18,es,tts_output/text_to_speech/text-19-18_es.mp3
18,text-18-1,es,tts_output/text_to_speech/text-18-1_es.mp3
18,text-18-12,es,tts_output/text_to_speech/text-18-12_es.mp3
19,text-19-19,es,tts_output/text_to_speech/text-19-19_es.mp3
19,text-19-21,es,tts_output/text_to_speech/text-19-21_es.mp3
19,text-19-3,es,tts_output/text_to_speech/text-19-3_es.mp3
19,text-19-16,es,tts_output/text_to_speech/text-19-16_es.mp3
17,text-17-17,es,tts_output/text_to_speech/text-17-17_es.mp3
19,text-19-13,es,tts_output/text_to_speech/text-19-13_es.mp3
15,text-15-12,es,tts_output/text_to_speech/text-15-12_es.mp3
19,text-19-1,es,tts_output/text_to_speech/text-19-1_es.mp3
19,text-19-20,es,tts_output/text_to_speech/text-19-20_es.mp3
19,text-19-4,es,tts_output/text_to_speech/text-19-4_es.mp3
19,text-19-6,es,tts_output/text_to_speech/text-19-6_es.mp3
19,text-19-7,es,tts_output/text_to_speech/text-19-7_es.mp3
19,text-19-10,es,tts_output/text_to_speech/text-19-10_es.mp3
20,text-20-6,es,tts_output/text_to_speech/text-20-6_es.mp3
18,text-18-10,es,tts_output/text_to_speech/text-18-10_es.mp3
19,text-19-14,es,tts_output/text_to_speech/text-19-14_es.mp3
19,text-19-8,es,tts_output/text_to_speech/text-19-8_es.mp3
17,text-17-0,es,tts_output/text_to_speech/text-17-0_es.mp3
20,text-20-9,es,tts_output/text_to_speech/text-20-9_es.mp3
19,text-19-9,es,tts_output/text_to_speech/text-19-9_es.mp3
19,text-19-5,es,tts_output/text_to_speech/text-19-5_es.mp3
20,text-20-13,es,tts_output/text_to_speech/text-20-13_es.mp3
20,text-20-3,es,tts_output/text_to_speech/text-20-3_es.mp3
20,text-20-5,es,tts_output/text_to_speech/text-20-5_es.mp3
20,text-20-2,es,tts_output/text_to_speech/text-20-2_es.mp3
18,text-18-5,es,tts_output/text_to_speech/text-18-5_es.mp3
20,text-20-7,es,tts_output/text_to_speech/text-20-7_es.mp3
18,text-18-4,es,tts_output/text_to_speech/text-18-4_es.mp3
20,text-20-1,es,tts_output/text_to_speech/text-20-1_es.mp3
20,text-20-10,es,tts_output/text_to_speech/text-20-10_es.mp3
19,text-19-2,es,tts_output/text_to_speech/text-19-2_es.mp3
20,text-20-31,es,tts_output/text_to_speech/text-20-31_es.mp3
21,text-21-13,es,tts_output/text_to_speech/text-21-13_es.mp3
21,text-21-14,es,tts_output/text_to_speech/text-21-14_es.mp3
19,text-19-11,es,tts_output/text_to_speech/text-19-11_es.mp3
21,text-21-16,es,tts_output/text_to_speech/text-21-16_es.mp3
20,text-20-8,es,tts_output/text_to_speech/text-20-8_es.mp3
20,text-20-12,es,tts_output/text_to_speech/text-20-12_es.mp3
20,text-20-11,es,tts_output/text_to_speech/text-20-11_es.mp3
20,text-20-32,es,tts_output/text_to_speech/text-20-32_es.mp3
20,text-20-33,es,tts_output/text_to_speech/text-20-33_es.mp3
21,text-21-1,es,tts_output/text_to_speech/text-21-1_es.mp3
21,text-21-2,es,tts_output/text_to_speech/text-21-2_es.mp3
21,text-21-4,es,tts_output/text_to_speech/text-21-4_es.mp3
21,text-21-10,es,tts_output/text_to_speech/text-21-10_es.mp3
20,text-20-15,es,tts_output/text_to_speech/text-20-15_es.mp3
19,text-19-12,es,tts_output/text_to_speech/text-19-12_es.mp3
21,text-21-12,es,tts_output/text_to_speech/text-21-12_es.mp3
21,text-21-7,es,tts_output/text_to_speech/text-21-7_es.mp3
19,text-19-15,es,tts_output/text_to_speech/text-19-15_es.mp3
22,text-22-14,es,tts_output/text_to_speech/text-22-14_es.mp3
21,text-21-9,es,tts_output/text_to_speech/text-21-9_es.mp3
21,text-21-0,es,tts_output/text_to_speech/text-21-0_es.mp3
22,text-22-21,es,tts_output/text_to_speech/text-22-21_es.mp3
22,text-22-17,es,tts_output/text_to_speech/text-22-17_es.mp3
22,text-22-18,es,tts_output/text_to_speech/text-22-18_es.mp3
21,text-21-15,es,tts_output/text_to_speech/text-21-15_es.mp3
22,text-22-16,es,tts_output/text_to_speech/text-22-16_es.mp3
22,text-22-13,es,tts_output/text_to_speech/text-22-13_es.mp3
20,text-20-4,es,tts_output/text_to_speech/text-20-4_es.mp3
22,text-22-11,es,tts_output/text_to_speech/text-22-11_es.mp3
18,text-18-3,es,tts_output/text_to_speech/text-18-3_es.mp3
22,text-22-20,es,tts_output/text_to_speech/text-22-20_es.mp3
22,text-22-10,es,tts_output/text_to_speech/text-22-10_es.mp3
22,text-22-6,es,tts_output/text_to_speech/text-22-6_es.mp3
22,text-22-5,es,tts_output/text_to_speech/text-22-5_es.mp3
21,text-21-6,es,tts_output/text_to_speech/text-21-6_es.mp3
22,text-22-15,es,tts_output/text_to_speech/text-22-15_es.mp3
21,text-21-17,es,tts_output/text_to_speech/text-21-17_es.mp3
22,text-22-3,es,tts_output/text_to_speech/text-22-3_es.mp3
20,text-20-0,es,tts_output/text_to_speech/text-20-0_es.mp3
22,text-22-24,es,tts_output/text_to_speech/text-22-24_es.mp3
21,text-21-5,es,tts_output/text_to_speech/text-21-5_es.mp3
22,text-22-23,es,tts_output/text_to_speech/text-22-23_es.mp3
22,text-22-7,es,tts_output/text_to_speech/text-22-7_es.mp3
22,text-22-19,es,tts_output/text_to_speech/text-22-19_es.mp3
22,text-22-49,es,tts_output/text_to_speech/text-22-49_es.mp3
22,text-22-48,es,tts_output/text_to_speech/text-22-48_es.mp3
22,text-22-47,es,tts_output/text_to_speech/text-22-47_es.mp3
22,text-22-46,es,tts_output/text_to_speech/text-22-46_es.mp3
22,text-22-8,es,tts_output/text_to_speech/text-22-8_es.mp3
22,text-22-1,es,tts_output/text_to_speech/text-22-1_es.mp3
22,text-22-44,es,tts_output/text_to_speech/text-22-44_es.mp3
19,text-19-0,es,tts_output/text_to_speech/text-19-0_es.mp3
20,text-20-14,es,tts_output/text_to_speech/text-20-14_es.mp3
22,text-22-42,es,tts_output/text_to_speech/text-22-42_es.mp3
22,text-22-41,es,tts_output/text_to_speech/text-22-41_es.mp3
22,text-22-40,es,tts_output/text_to_speech/text-22-40_es.mp3
22,text-22-50,es,tts_output/text_to_speech/text-22-50_es.mp3
22,text-22-38,es,tts_output/text_to_speech/text-22-38_es.mp3
22,text-22-2,es,tts_output/text_to_speech/text-22-2_es.mp3
21,text-21-8,es,tts_output/text_to_speech/text-21-8_es.mp3
22,text-22-12,es,tts_output/text_to_speech/text-22-12_es.mp3
21,text-21-3,es,tts_output/text_to_speech/text-21-3_es.mp3
22,text-22-33,es,tts_output/text_to_speech/text-22-33_es.mp3
22,text-22-9,es,tts_output/text_to_speech/text-22-9_es.mp3
22,text-22-27,es,tts_output/text_to_speech/text-22-27_es.mp3
22,text-22-25,es,tts_output/text_to_speech/text-22-25_es.mp3
22,text-22-39,es,tts_output/text_to_speech/text-22-39_es.mp3
23,text-23-27,es,tts_output/text_to_speech/text-23-27_es.mp3
23,text-23-26,es,tts_output/text_to_speech/text-23-26_es.mp3
22,text-22-34,es,tts_output/text_to_speech/text-22-34_es.mp3
23,text-23-25,es,tts_output/text_to_speech/text-23-25_es.mp3
22,text-22-43,es,tts_output/text_to_speech/text-22-43_es.mp3
22,text-22-31,es,tts_output/text_to_speech/text-22-31_es.mp3
22,text-22-32,es,tts_output/text_to_speech/text-22-32_es.mp3
22,text-22-22,es,tts_output/text_to_speech/text-22-22_es.mp3
23,text-23-4,es,tts_output/text_to_speech/text-23-4_es.mp3
22,text-22-30,es,tts_output/text_to_speech/text-22-30_es.mp3
22,text-22-37,es,tts_output/text_to_speech/text-22-37_es.mp3
23,text-23-7,es,tts_output/text_to_speech/text-23-7_es.mp3
22,text-22-36,es,tts_output/text_to_speech/text-22-36_es.mp3
23,text-23-6,es,tts_output/text_to_speech/text-23-6_es.mp3
22,text-22-0,es,tts_output/text_to_speech/text-22-0_es.mp3
23,text-23-0,es,tts_output/text_to_speech/text-23-0_es.mp3
23,text-23-18,es,tts_output/text_to_speech/text-23-18_es.mp3
22,text-22-28,es,tts_output/text_to_speech/text-22-28_es.mp3
22,text-22-26,es,tts_output/text_to_speech/text-22-26_es.mp3
23,text-23-13,es,tts_output/text_to_speech/text-23-13_es.mp3
23,text-23-5,es,tts_output/text_to_speech/text-23-5_es.mp3
23,text-23-17,es,tts_output/text_to_speech/text-23-17_es.mp3
23,text-23-16,es,tts_output/text_to_speech/text-23-16_es.mp3
23,text-23-22,es,tts_output/text_to_speech/text-23-22_es.mp3
22,text-22-45,es,tts_output/text_to_speech/text-22-45_es.mp3
22,text-22-35,es,tts_output/text_to_speech/text-22-35_es.mp3
23,text-23-24,es,tts_output/text_to_speech/text-23-24_es.mp3
23,text-23-20,es,tts_output/text_to_speech/text-23-20_es.mp3
23,text-23-2,es,tts_output/text_to_speech/text-23-2_es.mp3
22,text-22-29,es,tts_output/text_to_speech/text-22-29_es.mp3
24,text-24-8,es,tts_output/text_to_speech/text-24-8_es.mp3
24,text-24-6,es,tts_output/text_to_speech/text-24-6_es.mp3
24,text-24-5,es,tts_output/text_to_speech/text-24-5_es.mp3
24,text-24-28,es,tts_output/text_to_speech/text-24-28_es.mp3
24,text-24-1,es,tts_output/text_to_speech/text-24-1_es.mp3
23,text-23-8,es,tts_output/text_to_speech/text-23-8_es.mp3
23,text-23-23,es,tts_output/text_to_speech/text-23-23_es.mp3
23,text-23-12,es,tts_output/text_to_speech/text-23-12_es.mp3
23,text-23-1,es,tts_output/text_to_speech/text-23-1_es.mp3
24,text-24-7,es,tts_output/text_to_speech/text-24-7_es.mp3
23,text-23-3,es,tts_output/text_to_speech/text-23-3_es.mp3
24,text-24-4,es,tts_output/text_to_speech/text-24-4_es.mp3
24,text-24-25,es,tts_output/text_to_speech/text-24-25_es.mp3
24,text-24-27,es,tts_output/text_to_speech/text-24-27_es.mp3
24,text-24-23,es,tts_output/text_to_speech/text-24-23_es.mp3
24,text-24-0,es,tts_output/text_to_speech/text-24-0_es.mp3
24,text-24-24,es,tts_output/text_to_speech/text-24-24_es.mp3
23,text-23-11,es,tts_output/text_to_speech/text-23-11_es.mp3
24,text-24-22,es,tts_output/text_to_speech/text-24-22_es.mp3
24,text-24-18,es,tts_output/text_to_speech/text-24-18_es.mp3
24,text-24-17,es,tts_output/text_to_speech/text-24-17_es.mp3
24,text-24-10,es,tts_output/text_to_speech/text-24-10_es.mp3
23,text-23-14,es,tts_output/text_to_speech/text-23-14_es.mp3
24,text-24-16,es,tts_output/text_to_speech/text-24-16_es.mp3
24,text-24-13,es,tts_output/text_to_speech/text-24-13_es.mp3
24,text-24-2,es,tts_output/text_to_speech/text-24-2_es.mp3
23,text-23-10,es,tts_output/text_to_speech/text-23-10_es.mp3
23,text-23-21,es,tts_output/text_to_speech/text-23-21_es.mp3
24,text-24-20,es,tts_output/text_to_speech/text-24-20_es.mp3
23,text-23-19,es,tts_output/text_to_speech/text-23-19_es.mp3
25,text-25-14,es,tts_output/text_to_speech/text-25-14_es.mp3
25,text-25-11,es,tts_output/text_to_speech/text-25-11_es.mp3
25,text-25-18,es,tts_output/text_to_speech/text-25-18_es.mp3
23,text-23-15,es,tts_output/text_to_speech/text-23-15_es.mp3
24,text-24-14,es,tts_output/text_to_speech/text-24-14_es.mp3
25,text-25-15,es,tts_output/text_to_speech/text-25-15_es.mp3
24,text-24-26,es,tts_output/text_to_speech/text-24-26_es.mp3
25,text-25-10,es,tts_output/text_to_speech/text-25-10_es.mp3
24,text-24-9,es,tts_output/text_to_speech/text-24-9_es.mp3
24,text-24-3,es,tts_output/text_to_speech/text-24-3_es.mp3
24,text-24-11,es,tts_output/text_to_speech/text-24-11_es.mp3
25,text-25-17,es,tts_output/text_to_speech/text-25-17_es.mp3
25,text-25-3,es,tts_output/text_to_speech/text-25-3_es.mp3
25,text-25-16,es,tts_output/text_to_speech/text-25-16_es.mp3
24,text-24-15,es,tts_output/text_to_speech/text-24-15_es.mp3
25,text-25-2,es,tts_output/text_to_speech/text-25-2_es.mp3
25,text-25-9,es,tts_output/text_to_speech/text-25-9_es.mp3
25,text-25-30,es,tts_output/text_to_speech/text-25-30_es.mp3
25,text-25-8,es,tts_output/text_to_speech/text-25-8_es.mp3
25,text-25-19,es,tts_output/text_to_speech/text-25-19_es.mp3
25,text-25-37,es,tts_output/text_to_speech/text-25-37_es.mp3
24,text-24-21,es,tts_output/text_to_speech/text-24-21_es.mp3
24,text-24-19,es,tts_output/text_to_speech/text-24-19_es.mp3
25,text-25-1,es,tts_output/text_to_speech/text-25-1_es.mp3
25,text-25-0,es,tts_output/text_to_speech/text-25-0_es.mp3
25,text-25-32,es,tts_output/text_to_speech/text-25-32_es.mp3
25,text-25-22,es,tts_output/text_to_speech/text-25-22_es.mp3
25,text-25-20,es,tts_output/text_to_speech/text-25-20_es.mp3
25,text-25-31,es,tts_output/text_to_speech/text-25-31_es.mp3
25,text-25-7,es,tts_output/text_to_speech/text-25-7_es.mp3
25,text-25-12,es,tts_output/text_to_speech/text-25-12_es.mp3
25,text-25-35,es,tts_output/text_to_speech/text-25-35_es.mp3
25,text-25-4,es,tts_output/text_to_speech/text-25-4_es.mp3
25,text-25-33,es,tts_output/text_to_speech/text-25-33_es.mp3
25,text-25-5,es,tts_output/text_to_speech/text-25-5_es.mp3
26,text-26-11,es,tts_output/text_to_speech/text-26-11_es.mp3
25,text-25-29,es,tts_output/text_to_speech/text-25-29_es.mp3
25,text-25-23,es,tts_output/text_to_speech/text-25-23_es.mp3
26,text-26-9,es,tts_output/text_to_speech/text-26-9_es.mp3
26,text-26-3,es,tts_output/text_to_speech/text-26-3_es.mp3
25,text-25-25,es,tts_output/text_to_speech/text-25-25_es.mp3
24,text-24-12,es,tts_output/text_to_speech/text-24-12_es.mp3
25,text-25-27,es,tts_output/text_to_speech/text-25-27_es.mp3
25,text-25-34,es,tts_output/text_to_speech/text-25-34_es.mp3
25,text-25-21,es,tts_output/text_to_speech/text-25-21_es.mp3
26,text-26-10,es,tts_output/text_to_speech/text-26-10_es.mp3
26,text-26-8,es,tts_output/text_to_speech/text-26-8_es.mp3
26,text-26-1,es,tts_output/text_to_speech/text-26-1_es.mp3
26,text-26-13,es,tts_output/text_to_speech/text-26-13_es.mp3
26,text-26-15,es,tts_output/text_to_speech/text-26-15_es.mp3
26,text-26-14,es,tts_output/text_to_speech/text-26-14_es.mp3
23,text-23-9,es,tts_output/text_to_speech/text-23-9_es.mp3
25,text-25-6,es,tts_output/text_to_speech/text-25-6_es.mp3
26,text-26-6,es,tts_output/text_to_speech/text-26-6_es.mp3
25,text-25-28,es,tts_output/text_to_speech/text-25-28_es.mp3
27,text-27-22,es,tts_output/text_to_speech/text-27-22_es.mp3
26,text-26-0,es,tts_output/text_to_speech/text-26-0_es.mp3
27,text-27-15,es,tts_output/text_to_speech/text-27-15_es.mp3
27,text-27-14,es,tts_output/text_to_speech/text-27-14_es.mp3
27,text-27-13,es,tts_output/text_to_speech/text-27-13_es.mp3
27,text-27-12,es,tts_output/text_to_speech/text-27-12_es.mp3
27,text-27-10,es,tts_output/text_to_speech/text-27-10_es.mp3
25,text-25-26,es,tts_output/text_to_speech/text-25-26_es.mp3
26,text-26-16,es,tts_output/text_to_speech/text-26-16_es.mp3
26,text-26-12,es,tts_output/text_to_speech/text-26-12_es.mp3
25,text-25-13,es,tts_output/text_to_speech/text-25-13_es.mp3
27,text-27-21,es,tts_output/text_to_speech/text-27-21_es.mp3
27,text-27-4,es,tts_output/text_to_speech/text-27-4_es.mp3
27,text-27-5,es,tts_output/text_to_speech/text-27-5_es.mp3
27,text-27-1,es,tts_output/text_to_speech/text-27-1_es.mp3
27,text-27-0,es,tts_output/text_to_speech/text-27-0_es.mp3
27,text-27-2,es,tts_output/text_to_speech/text-27-2_es.mp3
27,text-27-23,es,tts_output/text_to_speech/text-27-23_es.mp3
26,text-26-5,es,tts_output/text_to_speech/text-26-5_es.mp3
27,text-27-16,es,tts_output/text_to_speech/text-27-16_es.mp3
27,text-27-18,es,tts_output/text_to_speech/text-27-18_es.mp3
27,text-27-9,es,tts_output/text_to_speech/text-27-9_es.mp3
28,text-28-34,es,tts_output/text_to_speech/text-28-34_es.mp3
27,text-27-17,es,tts_output/text_to_speech/text-27-17_es.mp3
28,text-28-29,es,tts_output/text_to_speech/text-28-29_es.mp3
27,text-27-3,es,tts_output/text_to_speech/text-27-3_es.mp3
28,text-28-27,es,tts_output/text_to_speech/text-28-27_es.mp3
28,text-28-28,es,tts_output/text_to_speech/text-28-28_es.mp3
28,text-28-26,es,tts_output/text_to_speech/text-28-26_es.mp3
28,text-28-25,es,tts_output/text_to_speech/text-28-25_es.mp3
28,text-28-22,es,tts_output/text_to_speech/text-28-22_es.mp3
26,text-26-4,es,tts_output/text_to_speech/text-26-4_es.mp3
27,text-27-19,es,tts_output/text_to_speech/text-27-19_es.mp3
26,text-26-17,es,tts_output/text_to_speech/text-26-17_es.mp3
28,text-28-21,es,tts_output/text_to_speech/text-28-21_es.mp3
28,text-28-35,es,tts_output/text_to_speech/text-28-35_es.mp3
28,text-28-15,es,tts_output/text_to_speech/text-28-15_es.mp3
28,text-28-14,es,tts_output/text_to_speech/text-28-14_es.mp3
27,text-27-11,es,tts_output/text_to_speech/text-27-11_es.mp3
28,text-28-12,es,tts_output/text_to_speech/text-28-12_es.mp3
28,text-28-23,es,tts_output/text_to_speech/text-28-23_es.mp3
28,text-28-13,es,tts_output/text_to_speech/text-28-13_es.mp3
28,text-28-24,es,tts_output/text_to_speech/text-28-24_es.mp3
25,text-25-36,es,tts_output/text_to_speech/text-25-36_es.mp3
28,text-28-20,es,tts_output/text_to_speech/text-28-20_es.mp3
28,text-28-1,es,tts_output/text_to_speech/text-28-1_es.mp3
28,text-28-16,es,tts_output/text_to_speech/text-28-16_es.mp3
28,text-28-17,es,tts_output/text_to_speech/text-28-17_es.mp3
28,text-28-18,es,tts_output/text_to_speech/text-28-18_es.mp3
28,text-28-36,es,tts_output/text_to_speech/text-28-36_es.mp3
25,text-25-24,es,tts_output/text_to_speech/text-25-24_es.mp3
29,text-29-40,es,tts_output/text_to_speech/text-29-40_es.mp3
29,text-29-24,es,tts_output/text_to_speech/text-29-24_es.mp3
27,text-27-20,es,tts_output/text_to_speech/text-27-20_es.mp3
28,text-28-8,es,tts_output/text_to_speech/text-28-8_es.mp3
27,text-27-6,es,tts_output/text_to_speech/text-27-6_es.mp3
28,text-28-0,es,tts_output/text_to_speech/text-28-0_es.mp3
29,text-29-30,es,tts_output/text_to_speech/text-29-30_es.mp3
29,text-29-32,es,tts_output/text_to_speech/text-29-32_es.mp3
29,text-29-31,es,tts_output/text_to_speech/text-29-31_es.mp3
27,text-27-8,es,tts_output/text_to_speech/text-27-8_es.mp3
26,text-26-7,es,tts_output/text_to_speech/text-26-7_es.mp3
29,text-29-25,es,tts_output/text_to_speech/text-29-25_es.mp3
29,text-29-36,es,tts_output/text_to_speech/text-29-36_es.mp3
29,text-29-35,es,tts_output/text_to_speech/text-29-35_es.mp3
29,text-29-28,es,tts_output/text_to_speech/text-29-28_es.mp3
28,text-28-19,es,tts_output/text_to_speech/text-28-19_es.mp3
29,text-29-21,es,tts_output/text_to_speech/text-29-21_es.mp3
29,text-29-20,es,tts_output/text_to_speech/text-29-20_es.mp3
29,text-29-4,es,tts_output/text_to_speech/text-29-4_es.mp3
29,text-29-33,es,tts_output/text_to_speech/text-29-33_es.mp3
29,text-29-5,es,tts_output/text_to_speech/text-29-5_es.mp3
29,text-29-6,es,tts_output/text_to_speech/text-29-6_es.mp3
28,text-28-11,es,tts_output/text_to_speech/text-28-11_es.mp3
28,text-28-10,es,tts_output/text_to_speech/text-28-10_es.mp3
28,text-28-9,es,tts_output/text_to_speech/text-28-9_es.mp3
29,text-29-8,es,tts_output/text_to_speech/text-29-8_es.mp3
29,text-29-29,es,tts_output/text_to_speech/text-29-29_es.mp3
29,text-29-10,es,tts_output/text_to_speech/text-29-10_es.mp3
29,text-29-14,es,tts_output/text_to_speech/text-29-14_es.mp3
29,text-29-13,es,tts_output/text_to_speech/text-29-13_es.mp3
29,text-29-16,es,tts_output/text_to_speech/text-29-16_es.mp3
29,text-29-15,es,tts_output/text_to_speech/text-29-15_es.mp3
29,text-29-34,es,tts_output/text_to_speech/text-29-34_es.mp3
29,text-29-19,es,tts_output/text_to_speech/text-29-19_es.mp3
29,text-29-26,es,tts_output/text_to_speech/text-29-26_es.mp3
29,text-29-27,es,tts_output/text_to_speech/text-29-27_es.mp3
29,text-29-23,es,tts_output/text_to_speech/text-29-23_es.mp3
26,text-26-2,es,tts_output/text_to_speech/text-26-2_es.mp3
29,text-29-2,es,tts_output/text_to_speech/text-29-2_es.mp3
29,text-29-44,es,tts_output/text_to_speech/text-29-44_es.mp3
29,text-29-45,es,tts_output/text_to_speech/text-29-45_es.mp3
29,text-29-43,es,tts_output/text_to_speech/text-29-43_es.mp3
29,text-29-1,es,tts_output/text_to_speech/text-29-1_es.mp3
29,text-29-46,es,tts_output/text_to_speech/text-29-46_es.mp3
29,text-29-7,es,tts_output/text_to_speech/text-29-7_es.mp3
29,text-29-37,es,tts_output/text_to_speech/text-29-37_es.mp3
29,text-29-38,es,tts_output/text_to_speech/text-29-38_es.mp3
29,text-29-39,es,tts_output/text_to_speech/text-29-39_es.mp3
27,text-27-24,es,tts_output/text_to_speech/text-27-24_es.mp3
29,text-29-22,es,tts_output/text_to_speech/text-29-22_es.mp3
30,text-30-25,es,tts_output/text_to_speech/text-30-25_es.mp3
30,text-30-22,es,tts_output/text_to_speech/text-30-22_es.mp3
30,text-30-24,es,tts_output/text_to_speech/text-30-24_es.mp3
30,text-30-17,es,tts_output/text_to_speech/text-30-17_es.mp3
29,text-29-17,es,tts_output/text_to_speech/text-29-17_es.mp3
29,text-29-18,es,tts_output/text_to_speech/text-29-18_es.mp3
30,text-30-26,es,tts_output/text_to_speech/text-30-26_es.mp3
30,text-30-19,es,tts_output/text_to_speech/text-30-19_es.mp3
29,text-29-3,es,tts_output/text_to_speech/text-29-3_es.mp3
30,text-30-23,es,tts_output/text_to_speech/text-30-23_es.mp3
30,text-30-16,es,tts_output/text_to_speech/text-30-16_es.mp3
29,text-29-42,es,tts_output/text_to_speech/text-29-42_es.mp3
30,text-30-10,es,tts_output/text_to_speech/text-30-10_es.mp3
30,text-30-13,es,tts_output/text_to_speech/text-30-13_es.mp3
30,text-30-11,es,tts_output/text_to_speech/text-30-11_es.mp3
29,text-29-41,es,tts_output/text_to_speech/text-29-41_es.mp3
30,text-30-7,es,tts_output/text_to_speech/text-30-7_es.mp3
30,text-30-5,es,tts_output/text_to_speech/text-30-5_es.mp3
30,text-30-4,es,tts_output/text_to_speech/text-30-4_es.mp3
30,text-30-12,es,tts_output/text_to_speech/text-30-12_es.mp3
29,text-29-11,es,tts_output/text_to_speech/text-29-11_es.mp3
30,text-30-1,es,tts_output/text_to_speech/text-30-1_es.mp3
30,text-30-3,es,tts_output/text_to_speech/text-30-3_es.mp3
30,text-30-2,es,tts_output/text_to_speech/text-30-2_es.mp3
30,text-30-28,es,tts_output/text_to_speech/text-30-28_es.mp3
30,text-30-0,es,tts_output/text_to_speech/text-30-0_es.mp3
30,text-30-27,es,tts_output/text_to_speech/text-30-27_es.mp3
30,text-30-29,es,tts_output/text_to_speech/text-30-29_es.mp3
12,img-12-2,es,tts_output/text_to_speech/img-12-2_es.mp3
12,img-12-1,es,tts_output/text_to_speech/img-12-1_es.mp3
30,text-30-20,es,tts_output/text_to_speech/text-30-20_es.mp3
30,text-30-18,es,tts_output/text_to_speech/text-30-18_es.mp3
12,img-12-4,es,tts_output/text_to_speech/img-12-4_es.mp3
12,img-12-5,es,tts_output/text_to_speech/img-12-5_es.mp3
12,img-12-6,es,tts_output/text_to_speech/img-12-6_es.mp3
12,img-12-8,es,tts_output/text_to_speech/img-12-8_es.mp3
13,img-13-2,es,tts_output/text_to_speech/img-13-2_es.mp3
13,img-13-3,es,tts_output/text_to_speech/img-13-3_es.mp3
13,img-13-1,es,tts_output/text_to_speech/img-13-1_es.mp3
13,img-13-4,es,tts_output/text_to_speech/img-13-4_es.mp3
30,text-30-6,es,tts_output/text_to_speech/text-30-6_es.mp3
29,text-29-9,es,tts_output/text_to_speech/text-29-9_es.mp3
30,text-30-14,es,tts_output/text_to_speech/text-30-14_es.mp3
15,img-15-1,es,tts_output/text_to_speech/img-15-1_es.mp3
14,img-14-2,es,tts_output/text_to_speech/img-14-2_es.mp3
17,img-17-2,es,tts_output/text_to_speech/img-17-2_es.mp3
17,img-17-10,es,tts_output/text_to_speech/img-17-10_es.mp3
30,text-30-15,es,tts_output/text_to_speech/text-30-15_es.mp3
17,img-17-9,es,tts_output/text_to_speech/img-17-9_es.mp3
17,img-17-11,es,tts_output/text_to_speech/img-17-11_es.mp3
29,text-29-0,es,tts_output/text_to_speech/text-29-0_es.mp3
12,img-12-3,es,tts_output/text_to_speech/img-12-3_es.mp3
14,img-14-1,es,tts_output/text_to_speech/img-14-1_es.mp3
17,img-17-3,es,tts_output/text_to_speech/img-17-3_es.mp3
17,img-17-6,es,tts_output/text_to_speech/img-17-6_es.mp3
17,img-17-4,es,tts_output/text_to_speech/img-17-4_es.mp3
15,img-15-2,es,tts_output/text_to_speech/img-15-2_es.mp3
17,img-17-7,es,tts_output/text_to_speech/img-17-7_es.mp3
17,img-17-8,es,tts_output/text_to_speech/img-17-8_es.mp3
12,img-12-9,es,tts_output/text_to_speech/img-12-9_es.mp3
17,img-17-12,es,tts_output/text_to_speech/img-17-12_es.mp3
18,img-18-2,es,tts_output/text_to_speech/img-18-2_es.mp3
17,img-17-1,es,tts_output/text_to_speech/img-17-1_es.mp3
21,img-21-1,es,tts_output/text_to_speech/img-21-1_es.mp3
21,img-21-3,es,tts_output/text_to_speech/img-21-3_es.mp3
30,text-30-21,es,tts_output/text_to_speech/text-30-21_es.mp3
17,img-17-5,es,tts_output/text_to_speech/img-17-5_es.mp3
21,img-21-5,es,tts_output/text_to_speech/img-21-5_es.mp3
23,img-23-1,es,tts_output/text_to_speech/img-23-1_es.mp3
24,img-24-1,es,tts_output/text_to_speech/img-24-1_es.mp3
18,img-18-1,es,tts_output/text_to_speech/img-18-1_es.mp3
26,img-26-2,es,tts_output/text_to_speech/img-26-2_es.mp3
19,img-19-1,es,tts_output/text_to_speech/img-19-1_es.mp3
26,img-26-3,es,tts_output/text_to_speech/img-26-3_es.mp3
19,img-19-2,es,tts_output/text_to_speech/img-19-2_es.mp3
27,text-27-7,es,tts_output/text_to_speech/text-27-7_es.mp3
29,img-29-2,es,tts_output/text_to_speech/img-29-2_es.mp3
12,img-12-7,es,tts_output/text_to_speech/img-12-7_es.mp3
29,img-29-1,es,tts_output/text_to_speech/img-29-1_es.mp3
24,img-24-5,es,tts_output/text_to_speech/img-24-5_es.mp3
23,img-23-3,es,tts_output/text_to_speech/img-23-3_es.mp3
29,img-29-4,es,tts_output/text_to_speech/img-29-4_es.mp3
29,img-29-5,es,tts_output/text_to_speech/img-29-5_es.mp3
30,text-30-9,es,tts_output/text_to_speech/text-30-9_es.mp3
29,img-29-7,es,tts_output/text_to_speech/img-29-7_es.mp3
29,text-29-12,es,tts_output/text_to_speech/text-29-12_es.mp3
29,img-29-9,es,tts_output/text_to_speech/img-29-9_es.mp3
30,img-30-3,es,tts_output/text_to_speech/img-30-3_es.mp3
30,img-30-7,es,tts_output/text_to_speech/img-30-7_es.mp3
30,img-30-5,es,tts_output/text_to_speech/img-30-5_es.mp3
30,img-30-8,es,tts_output/text_to_speech/img-30-8_es.mp3
30,text-30-8,es,tts_output/text_to_speech/text-30-8_es.mp3
29,img-29-6,es,tts_output/text_to_speech/img-29-6_es.mp3
17,img-17-18,es,tts_output/text_to_speech/img-17-18_es.mp3
10,sectioneli5-10-1,es,tts_output/text_to_speech/sectioneli5-10-1_es.mp3
13,img-13-5,es,tts_output/text_to_speech/img-13-5_es.mp3
27,img-27-1,es,tts_output/text_to_speech/img-27-1_es.mp3
12,sectioneli5-12-2,es,tts_output/text_to_speech/sectioneli5-12-2_es.mp3
29,img-29-3,es,tts_output/text_to_speech/img-29-3_es.mp3
12,sectioneli5-12-4,es,tts_output/text_to_speech/sectioneli5-12-4_es.mp3
13,sectioneli5-13-1,es,tts_output/text_to_speech/sectioneli5-13-1_es.mp3
25,img-25-2,es,tts_output/text_to_speech/img-25-2_es.mp3
12,sectioneli5-12-0,es,tts_output/text_to_speech/sectioneli5-12-0_es.mp3
13,sectioneli5-13-2,es,tts_output/text_to_speech/sectioneli5-13-2_es.mp3
14,sectioneli5-14-0,es,tts_output/text_to_speech/sectioneli5-14-0_es.mp3
10,img-10-1,es,tts_output/text_to_speech/img-10-1_es.mp3
26,img-26-4,es,tts_output/text_to_speech/img-26-4_es.mp3
15,sectioneli5-15-0,es,tts_output/text_to_speech/sectioneli5-15-0_es.mp3
16,sectioneli5-16-1,es,tts_output/text_to_speech/sectioneli5-16-1_es.mp3
16,sectioneli5-16-3,es,tts_output/text_to_speech/sectioneli5-16-3_es.mp3
13,sectioneli5-13-0,es,tts_output/text_to_speech/sectioneli5-13-0_es.mp3
18,sectioneli5-18-0,es,tts_output/text_to_speech/sectioneli5-18-0_es.mp3
17,sectioneli5-17-2,es,tts_output/text_to_speech/sectioneli5-17-2_es.mp3
12,sectioneli5-12-3,es,tts_output/text_to_speech/sectioneli5-12-3_es.mp3
10,sectioneli5-10-0,es,tts_output/text_to_speech/sectioneli5-10-0_es.mp3
17,sectioneli5-17-0,es,tts_output/text_to_speech/sectioneli5-17-0_es.mp3
16,sectioneli5-16-0,es,tts_output/text_to_speech/sectioneli5-16-0_es.mp3
17,sectioneli5-17-1,es,tts_output/text_to_speech/sectioneli5-17-1_es.mp3
19,img-19-3,es,tts_output/text_to_speech/img-19-3_es.mp3
18,sectioneli5-18-2,es,tts_output/text_to_speech/sectioneli5-18-2_es.mp3
30,img-30-6,es,tts_output/text_to_speech/img-30-6_es.mp3
12,sectioneli5-12-1,es,tts_output/text_to_speech/sectioneli5-12-1_es.mp3
16,sectioneli5-16-2,es,tts_output/text_to_speech/sectioneli5-16-2_es.mp3
20,sectioneli5-20-0,es,tts_output/text_to_speech/sectioneli5-20-0_es.mp3
21,sectioneli5-21-1,es,tts_output/text_to_speech/sectioneli5-21-1_es.mp3
21,sectioneli5-21-0,es,tts_output/text_to_speech/sectioneli5-21-0_es.mp3
30,img-30-4,es,tts_output/text_to_speech/img-30-4_es.mp3
22,sectioneli5-22-2,es,tts_output/text_to_speech/sectioneli5-22-2_es.mp3
26,img-26-1,es,tts_output/text_to_speech/img-26-1_es.mp3
22,sectioneli5-22-0,es,tts_output/text_to_speech/sectioneli5-22-0_es.mp3
14,sectioneli5-14-1,es,tts_output/text_to_speech/sectioneli5-14-1_es.mp3
23,sectioneli5-23-0,es,tts_output/text_to_speech/sectioneli5-23-0_es.mp3
25,sectioneli5-25-0,es,tts_output/text_to_speech/sectioneli5-25-0_es.mp3
19,sectioneli5-19-2,es,tts_output/text_to_speech/sectioneli5-19-2_es.mp3
26,sectioneli5-26-4,es,tts_output/text_to_speech/sectioneli5-26-4_es.mp3
24,sectioneli5-24-0,es,tts_output/text_to_speech/sectioneli5-24-0_es.mp3
26,sectioneli5-26-0,es,tts_output/text_to_speech/sectioneli5-26-0_es.mp3
22,sectioneli5-22-1,es,tts_output/text_to_speech/sectioneli5-22-1_es.mp3
26,sectioneli5-26-3,es,tts_output/text_to_speech/sectioneli5-26-3_es.mp3
27,sectioneli5-27-2,es,tts_output/text_to_speech/sectioneli5-27-2_es.mp3
27,sectioneli5-27-0,es,tts_output/text_to_speech/sectioneli5-27-0_es.mp3
25,sectioneli5-25-1,es,tts_output/text_to_speech/sectioneli5-25-1_es.mp3
19,sectioneli5-19-0,es,tts_output/text_to_speech/sectioneli5-19-0_es.mp3
19,sectioneli5-19-1,es,tts_output/text_to_speech/sectioneli5-19-1_es.mp3
19,sectioneli5-19-3,es,tts_output/text_to_speech/sectioneli5-19-3_es.mp3
26,sectioneli5-26-1,es,tts_output/text_to_speech/sectioneli5-26-1_es.mp3
26,sectioneli5-26-2,es,tts_output/text_to_speech/sectioneli5-26-2_es.mp3
30,sectioneli5-30-0,es,tts_output/text_to_speech/sectioneli5-30-0_es.mp3
30,sectioneli5-30-3,es,tts_output/text_to_speech/sectioneli5-30-3_es.mp3
28,sectioneli5-28-1,es,tts_output/text_to_speech/sectioneli5-28-1_es.mp3
29,sectioneli5-29-1,es,tts_output/text_to_speech/sectioneli5-29-1_es.mp3
28,sectioneli5-28-3,es,tts_output/text_to_speech/sectioneli5-28-3_es.mp3
24,sectioneli5-24-1,es,tts_output/text_to_speech/sectioneli5-24-1_es.mp3
30,sectioneli5-30-2,es,tts_output/text_to_speech/sectioneli5-30-2_es.mp3
10,easyread-text-10-12,es,tts_output/text_to_speech/easyread-text-10-12_es.mp3
10,easyread-text-10-11,es,tts_output/text_to_speech/easyread-text-10-11_es.mp3
30,sectioneli5-30-1,es,tts_output/text_to_speech/sectioneli5-30-1_es.mp3
10,easyread-text-10-1,es,tts_output/text_to_speech/easyread-text-10-1_es.mp3
27,sectioneli5-27-1,es,tts_output/text_to_speech/sectioneli5-27-1_es.mp3
10,easyread-text-10-10,es,tts_output/text_to_speech/easyread-text-10-10_es.mp3
29,img-29-8,es,tts_output/text_to_speech/img-29-8_es.mp3
10,easyread-text-10-5,es,tts_output/text_to_speech/easyread-text-10-5_es.mp3
10,easyread-text-10-0,es,tts_output/text_to_speech/easyread-text-10-0_es.mp3
29,sectioneli5-29-0,es,tts_output/text_to_speech/sectioneli5-29-0_es.mp3
10,easyread-text-10-3,es,tts_output/text_to_speech/easyread-text-10-3_es.mp3
11,easyread-text-11-0,es,tts_output/text_to_speech/easyread-text-11-0_es.mp3
10,easyread-text-10-4,es,tts_output/text_to_speech/easyread-text-10-4_es.mp3
28,sectioneli5-28-2,es,tts_output/text_to_speech/sectioneli5-28-2_es.mp3
10,easyread-text-10-9,es,tts_output/text_to_speech/easyread-text-10-9_es.mp3
28,sectioneli5-28-0,es,tts_output/text_to_speech/sectioneli5-28-0_es.mp3
12,easyread-text-12-8,es,tts_output/text_to_speech/easyread-text-12-8_es.mp3
10,easyread-text-10-2,es,tts_output/text_to_speech/easyread-text-10-2_es.mp3
12,easyread-text-12-6,es,tts_output/text_to_speech/easyread-text-12-6_es.mp3
12,easyread-text-12-0,es,tts_output/text_to_speech/easyread-text-12-0_es.mp3
12,easyread-text-12-4,es,tts_output/text_to_speech/easyread-text-12-4_es.mp3
12,easyread-text-12-14,es,tts_output/text_to_speech/easyread-text-12-14_es.mp3
20,sectioneli5-20-1,es,tts_output/text_to_speech/sectioneli5-20-1_es.mp3
12,easyread-text-12-2,es,tts_output/text_to_speech/easyread-text-12-2_es.mp3
18,sectioneli5-18-1,es,tts_output/text_to_speech/sectioneli5-18-1_es.mp3
12,easyread-text-12-3,es,tts_output/text_to_speech/easyread-text-12-3_es.mp3
10,easyread-text-10-8,es,tts_output/text_to_speech/easyread-text-10-8_es.mp3
13,easyread-text-13-12,es,tts_output/text_to_speech/easyread-text-13-12_es.mp3
12,easyread-text-12-13,es,tts_output/text_to_speech/easyread-text-12-13_es.mp3
15,sectioneli5-15-1,es,tts_output/text_to_speech/sectioneli5-15-1_es.mp3
13,easyread-text-13-15,es,tts_output/text_to_speech/easyread-text-13-15_es.mp3
13,easyread-text-13-17,es,tts_output/text_to_speech/easyread-text-13-17_es.mp3
13,easyread-text-13-16,es,tts_output/text_to_speech/easyread-text-13-16_es.mp3
12,easyread-text-12-1,es,tts_output/text_to_speech/easyread-text-12-1_es.mp3
13,easyread-text-13-18,es,tts_output/text_to_speech/easyread-text-13-18_es.mp3
30,sectioneli5-30-4,es,tts_output/text_to_speech/sectioneli5-30-4_es.mp3
12,easyread-text-12-12,es,tts_output/text_to_speech/easyread-text-12-12_es.mp3
10,easyread-text-10-6,es,tts_output/text_to_speech/easyread-text-10-6_es.mp3
13,easyread-text-13-23,es,tts_output/text_to_speech/easyread-text-13-23_es.mp3
12,easyread-text-12-7,es,tts_output/text_to_speech/easyread-text-12-7_es.mp3
13,easyread-text-13-8,es,tts_output/text_to_speech/easyread-text-13-8_es.mp3
13,easyread-text-13-19,es,tts_output/text_to_speech/easyread-text-13-19_es.mp3
23,sectioneli5-23-1,es,tts_output/text_to_speech/sectioneli5-23-1_es.mp3
13,easyread-text-13-20,es,tts_output/text_to_speech/easyread-text-13-20_es.mp3
13,easyread-text-13-5,es,tts_output/text_to_speech/easyread-text-13-5_es.mp3
10,easyread-text-10-13,es,tts_output/text_to_speech/easyread-text-10-13_es.mp3
13,easyread-text-13-4,es,tts_output/text_to_speech/easyread-text-13-4_es.mp3
12,easyread-text-12-11,es,tts_output/text_to_speech/easyread-text-12-11_es.mp3
12,easyread-text-12-10,es,tts_output/text_to_speech/easyread-text-12-10_es.mp3
12,easyread-text-12-5,es,tts_output/text_to_speech/easyread-text-12-5_es.mp3
13,easyread-text-13-13,es,tts_output/text_to_speech/easyread-text-13-13_es.mp3
13,easyread-text-13-11,es,tts_output/text_to_speech/easyread-text-13-11_es.mp3
13,easyread-text-13-6,es,tts_output/text_to_speech/easyread-text-13-6_es.mp3
14,easyread-text-14-2,es,tts_output/text_to_speech/easyread-text-14-2_es.mp3
14,easyread-text-14-9,es,tts_output/text_to_speech/easyread-text-14-9_es.mp3
13,easyread-text-13-9,es,tts_output/text_to_speech/easyread-text-13-9_es.mp3
12,easyread-text-12-9,es,tts_output/text_to_speech/easyread-text-12-9_es.mp3
14,easyread-text-14-16,es,tts_output/text_to_speech/easyread-text-14-16_es.mp3
14,easyread-text-14-4,es,tts_output/text_to_speech/easyread-text-14-4_es.mp3
14,easyread-text-14-8,es,tts_output/text_to_speech/easyread-text-14-8_es.mp3
10,easyread-text-10-7,es,tts_output/text_to_speech/easyread-text-10-7_es.mp3
14,easyread-text-14-5,es,tts_output/text_to_speech/easyread-text-14-5_es.mp3
13,easyread-text-13-14,es,tts_output/text_to_speech/easyread-text-13-14_es.mp3
14,easyread-text-14-7,es,tts_output/text_to_speech/easyread-text-14-7_es.mp3
14,easyread-text-14-0,es,tts_output/text_to_speech/easyread-text-14-0_es.mp3
14,easyread-text-14-6,es,tts_output/text_to_speech/easyread-text-14-6_es.mp3
14,easyread-text-14-3,es,tts_output/text_to_speech/easyread-text-14-3_es.mp3
13,easyread-text-13-3,es,tts_output/text_to_speech/easyread-text-13-3_es.mp3
14,easyread-text-14-13,es,tts_output/text_to_speech/easyread-text-14-13_es.mp3
14,easyread-text-14-12,es,tts_output/text_to_speech/easyread-text-14-12_es.mp3
15,easyread-text-15-22,es,tts_output/text_to_speech/easyread-text-15-22_es.mp3
13,easyread-text-13-21,es,tts_output/text_to_speech/easyread-text-13-21_es.mp3
14,easyread-text-14-1,es,tts_output/text_to_speech/easyread-text-14-1_es.mp3
14,easyread-text-14-15,es,tts_output/text_to_speech/easyread-text-14-15_es.mp3
15,easyread-text-15-9,es,tts_output/text_to_speech/easyread-text-15-9_es.mp3
15,easyread-text-15-20,es,tts_output/text_to_speech/easyread-text-15-20_es.mp3
15,easyread-text-15-13,es,tts_output/text_to_speech/easyread-text-15-13_es.mp3
15,easyread-text-15-14,es,tts_output/text_to_speech/easyread-text-15-14_es.mp3
13,easyread-text-13-2,es,tts_output/text_to_speech/easyread-text-13-2_es.mp3
14,easyread-text-14-11,es,tts_output/text_to_speech/easyread-text-14-11_es.mp3
13,easyread-text-13-1,es,tts_output/text_to_speech/easyread-text-13-1_es.mp3
15,easyread-text-15-24,es,tts_output/text_to_speech/easyread-text-15-24_es.mp3
13,easyread-text-13-7,es,tts_output/text_to_speech/easyread-text-13-7_es.mp3
15,easyread-text-15-12,es,tts_output/text_to_speech/easyread-text-15-12_es.mp3
15,easyread-text-15-23,es,tts_output/text_to_speech/easyread-text-15-23_es.mp3
15,easyread-text-15-19,es,tts_output/text_to_speech/easyread-text-15-19_es.mp3
15,easyread-text-15-0,es,tts_output/text_to_speech/easyread-text-15-0_es.mp3
15,easyread-text-15-8,es,tts_output/text_to_speech/easyread-text-15-8_es.mp3
15,easyread-text-15-1,es,tts_output/text_to_speech/easyread-text-15-1_es.mp3
15,easyread-text-15-2,es,tts_output/text_to_speech/easyread-text-15-2_es.mp3
13,easyread-text-13-22,es,tts_output/text_to_speech/easyread-text-13-22_es.mp3
15,easyread-text-15-15,es,tts_output/text_to_speech/easyread-text-15-15_es.mp3
15,easyread-text-15-4,es,tts_output/text_to_speech/easyread-text-15-4_es.mp3
13,easyread-text-13-0,es,tts_output/text_to_speech/easyread-text-13-0_es.mp3
15,easyread-text-15-21,es,tts_output/text_to_speech/easyread-text-15-21_es.mp3
14,easyread-text-14-10,es,tts_output/text_to_speech/easyread-text-14-10_es.mp3
15,easyread-text-15-18,es,tts_output/text_to_speech/easyread-text-15-18_es.mp3
16,easyread-text-16-21,es,tts_output/text_to_speech/easyread-text-16-21_es.mp3
16,easyread-text-16-17,es,tts_output/text_to_speech/easyread-text-16-17_es.mp3
15,easyread-text-15-3,es,tts_output/text_to_speech/easyread-text-15-3_es.mp3
16,easyread-text-16-13,es,tts_output/text_to_speech/easyread-text-16-13_es.mp3
16,easyread-text-16-9,es,tts_output/text_to_speech/easyread-text-16-9_es.mp3
13,easyread-text-13-10,es,tts_output/text_to_speech/easyread-text-13-10_es.mp3
15,easyread-text-15-7,es,tts_output/text_to_speech/easyread-text-15-7_es.mp3
15,easyread-text-15-17,es,tts_output/text_to_speech/easyread-text-15-17_es.mp3
16,easyread-text-16-6,es,tts_output/text_to_speech/easyread-text-16-6_es.mp3
16,easyread-text-16-8,es,tts_output/text_to_speech/easyread-text-16-8_es.mp3
16,easyread-text-16-16,es,tts_output/text_to_speech/easyread-text-16-16_es.mp3
16,easyread-text-16-10,es,tts_output/text_to_speech/easyread-text-16-10_es.mp3
16,easyread-text-16-19,es,tts_output/text_to_speech/easyread-text-16-19_es.mp3
15,easyread-text-15-25,es,tts_output/text_to_speech/easyread-text-15-25_es.mp3
16,easyread-text-16-5,es,tts_output/text_to_speech/easyread-text-16-5_es.mp3
16,easyread-text-16-7,es,tts_output/text_to_speech/easyread-text-16-7_es.mp3
16,easyread-text-16-2,es,tts_output/text_to_speech/easyread-text-16-2_es.mp3
15,easyread-text-15-16,es,tts_output/text_to_speech/easyread-text-15-16_es.mp3
16,easyread-text-16-20,es,tts_output/text_to_speech/easyread-text-16-20_es.mp3
16,easyread-text-16-4,es,tts_output/text_to_speech/easyread-text-16-4_es.mp3
16,easyread-text-16-18,es,tts_output/text_to_speech/easyread-text-16-18_es.mp3
16,easyread-text-16-15,es,tts_output/text_to_speech/easyread-text-16-15_es.mp3
17,easyread-text-17-9,es,tts_output/text_to_speech/easyread-text-17-9_es.mp3
17,easyread-text-17-10,es,tts_output/text_to_speech/easyread-text-17-10_es.mp3
16,easyread-text-16-22,es,tts_output/text_to_speech/easyread-text-16-22_es.mp3
17,easyread-text-17-23,es,tts_output/text_to_speech/easyread-text-17-23_es.mp3
17,easyread-text-17-13,es,tts_output/text_to_speech/easyread-text-17-13_es.mp3
14,easyread-text-14-14,es,tts_output/text_to_speech/easyread-text-14-14_es.mp3
15,easyread-text-15-10,es,tts_output/text_to_speech/easyread-text-15-10_es.mp3
16,easyread-text-16-1,es,tts_output/text_to_speech/easyread-text-16-1_es.mp3
17,easyread-text-17-12,es,tts_output/text_to_speech/easyread-text-17-12_es.mp3
17,easyread-text-17-11,es,tts_output/text_to_speech/easyread-text-17-11_es.mp3
17,easyread-text-17-15,es,tts_output/text_to_speech/easyread-text-17-15_es.mp3
17,easyread-text-17-20,es,tts_output/text_to_speech/easyread-text-17-20_es.mp3
17,easyread-text-17-14,es,tts_output/text_to_speech/easyread-text-17-14_es.mp3
17,easyread-text-17-16,es,tts_output/text_to_speech/easyread-text-17-16_es.mp3
17,easyread-text-17-17,es,tts_output/text_to_speech/easyread-text-17-17_es.mp3
15,easyread-text-15-11,es,tts_output/text_to_speech/easyread-text-15-11_es.mp3
17,easyread-text-17-19,es,tts_output/text_to_speech/easyread-text-17-19_es.mp3
16,easyread-text-16-14,es,tts_output/text_to_speech/easyread-text-16-14_es.mp3
15,easyread-text-15-5,es,tts_output/text_to_speech/easyread-text-15-5_es.mp3
17,easyread-text-17-22,es,tts_output/text_to_speech/easyread-text-17-22_es.mp3
17,easyread-text-17-25,es,tts_output/text_to_speech/easyread-text-17-25_es.mp3
17,easyread-text-17-2,es,tts_output/text_to_speech/easyread-text-17-2_es.mp3
17,easyread-text-17-0,es,tts_output/text_to_speech/easyread-text-17-0_es.mp3
17,easyread-text-17-8,es,tts_output/text_to_speech/easyread-text-17-8_es.mp3
17,easyread-text-17-1,es,tts_output/text_to_speech/easyread-text-17-1_es.mp3
18,easyread-text-18-7,es,tts_output/text_to_speech/easyread-text-18-7_es.mp3
17,easyread-text-17-4,es,tts_output/text_to_speech/easyread-text-17-4_es.mp3
16,easyread-text-16-3,es,tts_output/text_to_speech/easyread-text-16-3_es.mp3
16,easyread-text-16-12,es,tts_output/text_to_speech/easyread-text-16-12_es.mp3
16,easyread-text-16-0,es,tts_output/text_to_speech/easyread-text-16-0_es.mp3
17,easyread-text-17-7,es,tts_output/text_to_speech/easyread-text-17-7_es.mp3
18,easyread-text-18-18,es,tts_output/text_to_speech/easyread-text-18-18_es.mp3
18,easyread-text-18-8,es,tts_output/text_to_speech/easyread-text-18-8_es.mp3
18,easyread-text-18-9,es,tts_output/text_to_speech/easyread-text-18-9_es.mp3
18,easyread-text-18-2,es,tts_output/text_to_speech/easyread-text-18-2_es.mp3
18,easyread-text-18-4,es,tts_output/text_to_speech/easyread-text-18-4_es.mp3
18,easyread-text-18-5,es,tts_output/text_to_speech/easyread-text-18-5_es.mp3
18,easyread-text-18-11,es,tts_output/text_to_speech/easyread-text-18-11_es.mp3
16,easyread-text-16-11,es,tts_output/text_to_speech/easyread-text-16-11_es.mp3
18,easyread-text-18-16,es,tts_output/text_to_speech/easyread-text-18-16_es.mp3
17,easyread-text-17-6,es,tts_output/text_to_speech/easyread-text-17-6_es.mp3
17,easyread-text-17-18,es,tts_output/text_to_speech/easyread-text-17-18_es.mp3
18,easyread-text-18-24,es,tts_output/text_to_speech/easyread-text-18-24_es.mp3
18,easyread-text-18-20,es,tts_output/text_to_speech/easyread-text-18-20_es.mp3
18,easyread-text-18-0,es,tts_output/text_to_speech/easyread-text-18-0_es.mp3
18,easyread-text-18-3,es,tts_output/text_to_speech/easyread-text-18-3_es.mp3
18,easyread-text-18-21,es,tts_output/text_to_speech/easyread-text-18-21_es.mp3
18,easyread-text-18-23,es,tts_output/text_to_speech/easyread-text-18-23_es.mp3
18,easyread-text-18-10,es,tts_output/text_to_speech/easyread-text-18-10_es.mp3
18,easyread-text-18-13,es,tts_output/text_to_speech/easyread-text-18-13_es.mp3
19,easyread-text-19-10,es,tts_output/text_to_speech/easyread-text-19-10_es.mp3
18,easyread-text-18-12,es,tts_output/text_to_speech/easyread-text-18-12_es.mp3
17,easyread-text-17-24,es,tts_output/text_to_speech/easyread-text-17-24_es.mp3
18,easyread-text-18-6,es,tts_output/text_to_speech/easyread-text-18-6_es.mp3
18,easyread-text-18-17,es,tts_output/text_to_speech/easyread-text-18-17_es.mp3
19,easyread-text-19-2,es,tts_output/text_to_speech/easyread-text-19-2_es.mp3
19,easyread-text-19-7,es,tts_output/text_to_speech/easyread-text-19-7_es.mp3
19,easyread-text-19-1,es,tts_output/text_to_speech/easyread-text-19-1_es.mp3
19,easyread-text-19-21,es,tts_output/text_to_speech/easyread-text-19-21_es.mp3
18,easyread-text-18-22,es,tts_output/text_to_speech/easyread-text-18-22_es.mp3
18,easyread-text-18-1,es,tts_output/text_to_speech/easyread-text-18-1_es.mp3
17,easyread-text-17-5,es,tts_output/text_to_speech/easyread-text-17-5_es.mp3
15,easyread-text-15-6,es,tts_output/text_to_speech/easyread-text-15-6_es.mp3
19,easyread-text-19-15,es,tts_output/text_to_speech/easyread-text-19-15_es.mp3
19,easyread-text-19-11,es,tts_output/text_to_speech/easyread-text-19-11_es.mp3
19,easyread-text-19-5,es,tts_output/text_to_speech/easyread-text-19-5_es.mp3
19,easyread-text-19-4,es,tts_output/text_to_speech/easyread-text-19-4_es.mp3
19,easyread-text-19-13,es,tts_output/text_to_speech/easyread-text-19-13_es.mp3
19,easyread-text-19-20,es,tts_output/text_to_speech/easyread-text-19-20_es.mp3
19,easyread-text-19-19,es,tts_output/text_to_speech/easyread-text-19-19_es.mp3
19,easyread-text-19-14,es,tts_output/text_to_speech/easyread-text-19-14_es.mp3
19,easyread-text-19-6,es,tts_output/text_to_speech/easyread-text-19-6_es.mp3
17,easyread-text-17-21,es,tts_output/text_to_speech/easyread-text-17-21_es.mp3
18,easyread-text-18-14,es,tts_output/text_to_speech/easyread-text-18-14_es.mp3
17,easyread-text-17-3,es,tts_output/text_to_speech/easyread-text-17-3_es.mp3
20,easyread-text-20-6,es,tts_output/text_to_speech/easyread-text-20-6_es.mp3
19,easyread-text-19-9,es,tts_output/text_to_speech/easyread-text-19-9_es.mp3
20,easyread-text-20-34,es,tts_output/text_to_speech/easyread-text-20-34_es.mp3
20,easyread-text-20-7,es,tts_output/text_to_speech/easyread-text-20-7_es.mp3
20,easyread-text-20-5,es,tts_output/text_to_speech/easyread-text-20-5_es.mp3
20,easyread-text-20-11,es,tts_output/text_to_speech/easyread-text-20-11_es.mp3
19,easyread-text-19-22,es,tts_output/text_to_speech/easyread-text-19-22_es.mp3
20,easyread-text-20-2,es,tts_output/text_to_speech/easyread-text-20-2_es.mp3
19,easyread-text-19-8,es,tts_output/text_to_speech/easyread-text-19-8_es.mp3
20,easyread-text-20-9,es,tts_output/text_to_speech/easyread-text-20-9_es.mp3
19,easyread-text-19-3,es,tts_output/text_to_speech/easyread-text-19-3_es.mp3
20,easyread-text-20-10,es,tts_output/text_to_speech/easyread-text-20-10_es.mp3
20,easyread-text-20-13,es,tts_output/text_to_speech/easyread-text-20-13_es.mp3
20,easyread-text-20-21,es,tts_output/text_to_speech/easyread-text-20-21_es.mp3
19,easyread-text-19-18,es,tts_output/text_to_speech/easyread-text-19-18_es.mp3
20,easyread-text-20-32,es,tts_output/text_to_speech/easyread-text-20-32_es.mp3
20,easyread-text-20-20,es,tts_output/text_to_speech/easyread-text-20-20_es.mp3
20,easyread-text-20-17,es,tts_output/text_to_speech/easyread-text-20-17_es.mp3
20,easyread-text-20-3,es,tts_output/text_to_speech/easyread-text-20-3_es.mp3
19,easyread-text-19-17,es,tts_output/text_to_speech/easyread-text-19-17_es.mp3
19,easyread-text-19-16,es,tts_output/text_to_speech/easyread-text-19-16_es.mp3
18,easyread-text-18-19,es,tts_output/text_to_speech/easyread-text-18-19_es.mp3
20,easyread-text-20-26,es,tts_output/text_to_speech/easyread-text-20-26_es.mp3
20,easyread-text-20-15,es,tts_output/text_to_speech/easyread-text-20-15_es.mp3
20,easyread-text-20-23,es,tts_output/text_to_speech/easyread-text-20-23_es.mp3
19,easyread-text-19-0,es,tts_output/text_to_speech/easyread-text-19-0_es.mp3
20,easyread-text-20-29,es,tts_output/text_to_speech/easyread-text-20-29_es.mp3
20,easyread-text-20-22,es,tts_output/text_to_speech/easyread-text-20-22_es.mp3
20,easyread-text-20-33,es,tts_output/text_to_speech/easyread-text-20-33_es.mp3
20,easyread-text-20-12,es,tts_output/text_to_speech/easyread-text-20-12_es.mp3
20,easyread-text-20-19,es,tts_output/text_to_speech/easyread-text-20-19_es.mp3
20,easyread-text-20-0,es,tts_output/text_to_speech/easyread-text-20-0_es.mp3
20,easyread-text-20-25,es,tts_output/text_to_speech/easyread-text-20-25_es.mp3
21,easyread-text-21-13,es,tts_output/text_to_speech/easyread-text-21-13_es.mp3
21,easyread-text-21-2,es,tts_output/text_to_speech/easyread-text-21-2_es.mp3
21,easyread-text-21-10,es,tts_output/text_to_speech/easyread-text-21-10_es.mp3
20,easyread-text-20-16,es,tts_output/text_to_speech/easyread-text-20-16_es.mp3
20,easyread-text-20-18,es,tts_output/text_to_speech/easyread-text-20-18_es.mp3
20,easyread-text-20-27,es,tts_output/text_to_speech/easyread-text-20-27_es.mp3
21,easyread-text-21-16,es,tts_output/text_to_speech/easyread-text-21-16_es.mp3
21,easyread-text-21-0,es,tts_output/text_to_speech/easyread-text-21-0_es.mp3
20,easyread-text-20-28,es,tts_output/text_to_speech/easyread-text-20-28_es.mp3
20,easyread-text-20-1,es,tts_output/text_to_speech/easyread-text-20-1_es.mp3
20,easyread-text-20-8,es,tts_output/text_to_speech/easyread-text-20-8_es.mp3
20,easyread-text-20-24,es,tts_output/text_to_speech/easyread-text-20-24_es.mp3
21,easyread-text-21-6,es,tts_output/text_to_speech/easyread-text-21-6_es.mp3
20,easyread-text-20-14,es,tts_output/text_to_speech/easyread-text-20-14_es.mp3
20,easyread-text-20-4,es,tts_output/text_to_speech/easyread-text-20-4_es.mp3
21,easyread-text-21-18,es,tts_output/text_to_speech/easyread-text-21-18_es.mp3
21,easyread-text-21-5,es,tts_output/text_to_speech/easyread-text-21-5_es.mp3
21,easyread-text-21-1,es,tts_output/text_to_speech/easyread-text-21-1_es.mp3
21,easyread-text-21-12,es,tts_output/text_to_speech/easyread-text-21-12_es.mp3
21,easyread-text-21-4,es,tts_output/text_to_speech/easyread-text-21-4_es.mp3
22,easyread-text-22-28,es,tts_output/text_to_speech/easyread-text-22-28_es.mp3
22,easyread-text-22-33,es,tts_output/text_to_speech/easyread-text-22-33_es.mp3
20,easyread-text-20-30,es,tts_output/text_to_speech/easyread-text-20-30_es.mp3
22,easyread-text-22-22,es,tts_output/text_to_speech/easyread-text-22-22_es.mp3
21,easyread-text-21-8,es,tts_output/text_to_speech/easyread-text-21-8_es.mp3
20,easyread-text-20-31,es,tts_output/text_to_speech/easyread-text-20-31_es.mp3
21,easyread-text-21-14,es,tts_output/text_to_speech/easyread-text-21-14_es.mp3
22,easyread-text-22-24,es,tts_output/text_to_speech/easyread-text-22-24_es.mp3
22,easyread-text-22-30,es,tts_output/text_to_speech/easyread-text-22-30_es.mp3
22,easyread-text-22-35,es,tts_output/text_to_speech/easyread-text-22-35_es.mp3
21,easyread-text-21-9,es,tts_output/text_to_speech/easyread-text-21-9_es.mp3
22,easyread-text-22-29,es,tts_output/text_to_speech/easyread-text-22-29_es.mp3
22,easyread-text-22-20,es,tts_output/text_to_speech/easyread-text-22-20_es.mp3
21,easyread-text-21-3,es,tts_output/text_to_speech/easyread-text-21-3_es.mp3
22,easyread-text-22-19,es,tts_output/text_to_speech/easyread-text-22-19_es.mp3
22,easyread-text-22-37,es,tts_output/text_to_speech/easyread-text-22-37_es.mp3
21,easyread-text-21-15,es,tts_output/text_to_speech/easyread-text-21-15_es.mp3
22,easyread-text-22-23,es,tts_output/text_to_speech/easyread-text-22-23_es.mp3
21,easyread-text-21-17,es,tts_output/text_to_speech/easyread-text-21-17_es.mp3
22,easyread-text-22-15,es,tts_output/text_to_speech/easyread-text-22-15_es.mp3
18,easyread-text-18-15,es,tts_output/text_to_speech/easyread-text-18-15_es.mp3
22,easyread-text-22-21,es,tts_output/text_to_speech/easyread-text-22-21_es.mp3
22,easyread-text-22-41,es,tts_output/text_to_speech/easyread-text-22-41_es.mp3
22,easyread-text-22-31,es,tts_output/text_to_speech/easyread-text-22-31_es.mp3
22,easyread-text-22-12,es,tts_output/text_to_speech/easyread-text-22-12_es.mp3
22,easyread-text-22-11,es,tts_output/text_to_speech/easyread-text-22-11_es.mp3
21,easyread-text-21-11,es,tts_output/text_to_speech/easyread-text-21-11_es.mp3
22,easyread-text-22-27,es,tts_output/text_to_speech/easyread-text-22-27_es.mp3
22,easyread-text-22-40,es,tts_output/text_to_speech/easyread-text-22-40_es.mp3
22,easyread-text-22-45,es,tts_output/text_to_speech/easyread-text-22-45_es.mp3
22,easyread-text-22-42,es,tts_output/text_to_speech/easyread-text-22-42_es.mp3
22,easyread-text-22-43,es,tts_output/text_to_speech/easyread-text-22-43_es.mp3
22,easyread-text-22-7,es,tts_output/text_to_speech/easyread-text-22-7_es.mp3
22,easyread-text-22-48,es,tts_output/text_to_speech/easyread-text-22-48_es.mp3
22,easyread-text-22-44,es,tts_output/text_to_speech/easyread-text-22-44_es.mp3
22,easyread-text-22-34,es,tts_output/text_to_speech/easyread-text-22-34_es.mp3
21,easyread-text-21-7,es,tts_output/text_to_speech/easyread-text-21-7_es.mp3
22,easyread-text-22-5,es,tts_output/text_to_speech/easyread-text-22-5_es.mp3
22,easyread-text-22-16,es,tts_output/text_to_speech/easyread-text-22-16_es.mp3
22,easyread-text-22-4,es,tts_output/text_to_speech/easyread-text-22-4_es.mp3
22,easyread-text-22-46,es,tts_output/text_to_speech/easyread-text-22-46_es.mp3
19,easyread-text-19-12,es,tts_output/text_to_speech/easyread-text-19-12_es.mp3
22,easyread-text-22-50,es,tts_output/text_to_speech/easyread-text-22-50_es.mp3
22,easyread-text-22-3,es,tts_output/text_to_speech/easyread-text-22-3_es.mp3
22,easyread-text-22-14,es,tts_output/text_to_speech/easyread-text-22-14_es.mp3
22,easyread-text-22-9,es,tts_output/text_to_speech/easyread-text-22-9_es.mp3
22,easyread-text-22-10,es,tts_output/text_to_speech/easyread-text-22-10_es.mp3
22,easyread-text-22-17,es,tts_output/text_to_speech/easyread-text-22-17_es.mp3
22,easyread-text-22-36,es,tts_output/text_to_speech/easyread-text-22-36_es.mp3
22,easyread-text-22-0,es,tts_output/text_to_speech/easyread-text-22-0_es.mp3
22,easyread-text-22-39,es,tts_output/text_to_speech/easyread-text-22-39_es.mp3
22,easyread-text-22-25,es,tts_output/text_to_speech/easyread-text-22-25_es.mp3
22,easyread-text-22-1,es,tts_output/text_to_speech/easyread-text-22-1_es.mp3
22,easyread-text-22-6,es,tts_output/text_to_speech/easyread-text-22-6_es.mp3
23,easyread-text-23-18,es,tts_output/text_to_speech/easyread-text-23-18_es.mp3
23,easyread-text-23-22,es,tts_output/text_to_speech/easyread-text-23-22_es.mp3
22,easyread-text-22-26,es,tts_output/text_to_speech/easyread-text-22-26_es.mp3
22,easyread-text-22-18,es,tts_output/text_to_speech/easyread-text-22-18_es.mp3
23,easyread-text-23-19,es,tts_output/text_to_speech/easyread-text-23-19_es.mp3
23,easyread-text-23-5,es,tts_output/text_to_speech/easyread-text-23-5_es.mp3
22,easyread-text-22-47,es,tts_output/text_to_speech/easyread-text-22-47_es.mp3
22,easyread-text-22-2,es,tts_output/text_to_speech/easyread-text-22-2_es.mp3
23,easyread-text-23-2,es,tts_output/text_to_speech/easyread-text-23-2_es.mp3
23,easyread-text-23-9,es,tts_output/text_to_speech/easyread-text-23-9_es.mp3
23,easyread-text-23-14,es,tts_output/text_to_speech/easyread-text-23-14_es.mp3
23,easyread-text-23-24,es,tts_output/text_to_speech/easyread-text-23-24_es.mp3
23,easyread-text-23-26,es,tts_output/text_to_speech/easyread-text-23-26_es.mp3
22,easyread-text-22-8,es,tts_output/text_to_speech/easyread-text-22-8_es.mp3
23,easyread-text-23-10,es,tts_output/text_to_speech/easyread-text-23-10_es.mp3
23,easyread-text-23-6,es,tts_output/text_to_speech/easyread-text-23-6_es.mp3
23,easyread-text-23-11,es,tts_output/text_to_speech/easyread-text-23-11_es.mp3
23,easyread-text-23-3,es,tts_output/text_to_speech/easyread-text-23-3_es.mp3
23,easyread-text-23-23,es,tts_output/text_to_speech/easyread-text-23-23_es.mp3
23,easyread-text-23-8,es,tts_output/text_to_speech/easyread-text-23-8_es.mp3
23,easyread-text-23-28,es,tts_output/text_to_speech/easyread-text-23-28_es.mp3
23,easyread-text-23-21,es,tts_output/text_to_speech/easyread-text-23-21_es.mp3
22,easyread-text-22-49,es,tts_output/text_to_speech/easyread-text-22-49_es.mp3
23,easyread-text-23-0,es,tts_output/text_to_speech/easyread-text-23-0_es.mp3
22,easyread-text-22-32,es,tts_output/text_to_speech/easyread-text-22-32_es.mp3
23,easyread-text-23-25,es,tts_output/text_to_speech/easyread-text-23-25_es.mp3
23,easyread-text-23-4,es,tts_output/text_to_speech/easyread-text-23-4_es.mp3
24,easyread-text-24-25,es,tts_output/text_to_speech/easyread-text-24-25_es.mp3
22,easyread-text-22-38,es,tts_output/text_to_speech/easyread-text-22-38_es.mp3
24,easyread-text-24-27,es,tts_output/text_to_speech/easyread-text-24-27_es.mp3
23,easyread-text-23-17,es,tts_output/text_to_speech/easyread-text-23-17_es.mp3
23,easyread-text-23-1,es,tts_output/text_to_speech/easyread-text-23-1_es.mp3
23,easyread-text-23-15,es,tts_output/text_to_speech/easyread-text-23-15_es.mp3
24,easyread-text-24-7,es,tts_output/text_to_speech/easyread-text-24-7_es.mp3
24,easyread-text-24-29,es,tts_output/text_to_speech/easyread-text-24-29_es.mp3
24,easyread-text-24-11,es,tts_output/text_to_speech/easyread-text-24-11_es.mp3
23,easyread-text-23-27,es,tts_output/text_to_speech/easyread-text-23-27_es.mp3
24,easyread-text-24-6,es,tts_output/text_to_speech/easyread-text-24-6_es.mp3
23,easyread-text-23-7,es,tts_output/text_to_speech/easyread-text-23-7_es.mp3
24,easyread-text-24-16,es,tts_output/text_to_speech/easyread-text-24-16_es.mp3
23,easyread-text-23-20,es,tts_output/text_to_speech/easyread-text-23-20_es.mp3
24,easyread-text-24-10,es,tts_output/text_to_speech/easyread-text-24-10_es.mp3
24,easyread-text-24-17,es,tts_output/text_to_speech/easyread-text-24-17_es.mp3
24,easyread-text-24-1,es,tts_output/text_to_speech/easyread-text-24-1_es.mp3
24,easyread-text-24-21,es,tts_output/text_to_speech/easyread-text-24-21_es.mp3
24,easyread-text-24-5,es,tts_output/text_to_speech/easyread-text-24-5_es.mp3
24,easyread-text-24-19,es,tts_output/text_to_speech/easyread-text-24-19_es.mp3
22,easyread-text-22-51,es,tts_output/text_to_speech/easyread-text-22-51_es.mp3
24,easyread-text-24-23,es,tts_output/text_to_speech/easyread-text-24-23_es.mp3
24,easyread-text-24-0,es,tts_output/text_to_speech/easyread-text-24-0_es.mp3
24,easyread-text-24-20,es,tts_output/text_to_speech/easyread-text-24-20_es.mp3
24,easyread-text-24-24,es,tts_output/text_to_speech/easyread-text-24-24_es.mp3
23,easyread-text-23-16,es,tts_output/text_to_speech/easyread-text-23-16_es.mp3
24,easyread-text-24-9,es,tts_output/text_to_speech/easyread-text-24-9_es.mp3
24,easyread-text-24-3,es,tts_output/text_to_speech/easyread-text-24-3_es.mp3
24,easyread-text-24-4,es,tts_output/text_to_speech/easyread-text-24-4_es.mp3
25,easyread-text-25-34,es,tts_output/text_to_speech/easyread-text-25-34_es.mp3
24,easyread-text-24-14,es,tts_output/text_to_speech/easyread-text-24-14_es.mp3
22,easyread-text-22-13,es,tts_output/text_to_speech/easyread-text-22-13_es.mp3
25,easyread-text-25-36,es,tts_output/text_to_speech/easyread-text-25-36_es.mp3
23,easyread-text-23-12,es,tts_output/text_to_speech/easyread-text-23-12_es.mp3
24,easyread-text-24-30,es,tts_output/text_to_speech/easyread-text-24-30_es.mp3
25,easyread-text-25-35,es,tts_output/text_to_speech/easyread-text-25-35_es.mp3
25,easyread-text-25-30,es,tts_output/text_to_speech/easyread-text-25-30_es.mp3
25,easyread-text-25-26,es,tts_output/text_to_speech/easyread-text-25-26_es.mp3
25,easyread-text-25-38,es,tts_output/text_to_speech/easyread-text-25-38_es.mp3
25,easyread-text-25-32,es,tts_output/text_to_speech/easyread-text-25-32_es.mp3
25,easyread-text-25-37,es,tts_output/text_to_speech/easyread-text-25-37_es.mp3
24,easyread-text-24-8,es,tts_output/text_to_speech/easyread-text-24-8_es.mp3
23,easyread-text-23-13,es,tts_output/text_to_speech/easyread-text-23-13_es.mp3
25,easyread-text-25-33,es,tts_output/text_to_speech/easyread-text-25-33_es.mp3
24,easyread-text-24-22,es,tts_output/text_to_speech/easyread-text-24-22_es.mp3
25,easyread-text-25-12,es,tts_output/text_to_speech/easyread-text-25-12_es.mp3
24,easyread-text-24-12,es,tts_output/text_to_speech/easyread-text-24-12_es.mp3
25,easyread-text-25-31,es,tts_output/text_to_speech/easyread-text-25-31_es.mp3
25,easyread-text-25-13,es,tts_output/text_to_speech/easyread-text-25-13_es.mp3
25,easyread-text-25-22,es,tts_output/text_to_speech/easyread-text-25-22_es.mp3
25,easyread-text-25-18,es,tts_output/text_to_speech/easyread-text-25-18_es.mp3
24,easyread-text-24-18,es,tts_output/text_to_speech/easyread-text-24-18_es.mp3
25,easyread-text-25-19,es,tts_output/text_to_speech/easyread-text-25-19_es.mp3
25,easyread-text-25-27,es,tts_output/text_to_speech/easyread-text-25-27_es.mp3
24,easyread-text-24-13,es,tts_output/text_to_speech/easyread-text-24-13_es.mp3
24,easyread-text-24-26,es,tts_output/text_to_speech/easyread-text-24-26_es.mp3
24,easyread-text-24-2,es,tts_output/text_to_speech/easyread-text-24-2_es.mp3
24,easyread-text-24-15,es,tts_output/text_to_speech/easyread-text-24-15_es.mp3
25,easyread-text-25-17,es,tts_output/text_to_speech/easyread-text-25-17_es.mp3
25,easyread-text-25-2,es,tts_output/text_to_speech/easyread-text-25-2_es.mp3
25,easyread-text-25-21,es,tts_output/text_to_speech/easyread-text-25-21_es.mp3
25,easyread-text-25-5,es,tts_output/text_to_speech/easyread-text-25-5_es.mp3
25,easyread-text-25-3,es,tts_output/text_to_speech/easyread-text-25-3_es.mp3
25,easyread-text-25-29,es,tts_output/text_to_speech/easyread-text-25-29_es.mp3
25,easyread-text-25-7,es,tts_output/text_to_speech/easyread-text-25-7_es.mp3
25,easyread-text-25-11,es,tts_output/text_to_speech/easyread-text-25-11_es.mp3
25,easyread-text-25-0,es,tts_output/text_to_speech/easyread-text-25-0_es.mp3
24,easyread-text-24-28,es,tts_output/text_to_speech/easyread-text-24-28_es.mp3
25,easyread-text-25-23,es,tts_output/text_to_speech/easyread-text-25-23_es.mp3
25,easyread-text-25-24,es,tts_output/text_to_speech/easyread-text-25-24_es.mp3
26,easyread-text-26-4,es,tts_output/text_to_speech/easyread-text-26-4_es.mp3
26,easyread-text-26-18,es,tts_output/text_to_speech/easyread-text-26-18_es.mp3
26,easyread-text-26-13,es,tts_output/text_to_speech/easyread-text-26-13_es.mp3
26,easyread-text-26-14,es,tts_output/text_to_speech/easyread-text-26-14_es.mp3
25,easyread-text-25-15,es,tts_output/text_to_speech/easyread-text-25-15_es.mp3
25,easyread-text-25-8,es,tts_output/text_to_speech/easyread-text-25-8_es.mp3
25,easyread-text-25-20,es,tts_output/text_to_speech/easyread-text-25-20_es.mp3
25,easyread-text-25-28,es,tts_output/text_to_speech/easyread-text-25-28_es.mp3
26,easyread-text-26-16,es,tts_output/text_to_speech/easyread-text-26-16_es.mp3
25,easyread-text-25-14,es,tts_output/text_to_speech/easyread-text-25-14_es.mp3
25,easyread-text-25-25,es,tts_output/text_to_speech/easyread-text-25-25_es.mp3
25,easyread-text-25-4,es,tts_output/text_to_speech/easyread-text-25-4_es.mp3
26,easyread-text-26-6,es,tts_output/text_to_speech/easyread-text-26-6_es.mp3
26,easyread-text-26-11,es,tts_output/text_to_speech/easyread-text-26-11_es.mp3
26,easyread-text-26-8,es,tts_output/text_to_speech/easyread-text-26-8_es.mp3
26,easyread-text-26-9,es,tts_output/text_to_speech/easyread-text-26-9_es.mp3
25,easyread-text-25-16,es,tts_output/text_to_speech/easyread-text-25-16_es.mp3
26,easyread-text-26-19,es,tts_output/text_to_speech/easyread-text-26-19_es.mp3
25,easyread-text-25-9,es,tts_output/text_to_speech/easyread-text-25-9_es.mp3
26,easyread-text-26-17,es,tts_output/text_to_speech/easyread-text-26-17_es.mp3
25,easyread-text-25-1,es,tts_output/text_to_speech/easyread-text-25-1_es.mp3
27,easyread-text-27-18,es,tts_output/text_to_speech/easyread-text-27-18_es.mp3
26,easyread-text-26-10,es,tts_output/text_to_speech/easyread-text-26-10_es.mp3
27,easyread-text-27-7,es,tts_output/text_to_speech/easyread-text-27-7_es.mp3
27,easyread-text-27-6,es,tts_output/text_to_speech/easyread-text-27-6_es.mp3
27,easyread-text-27-13,es,tts_output/text_to_speech/easyread-text-27-13_es.mp3
26,easyread-text-26-1,es,tts_output/text_to_speech/easyread-text-26-1_es.mp3
25,easyread-text-25-10,es,tts_output/text_to_speech/easyread-text-25-10_es.mp3
27,easyread-text-27-19,es,tts_output/text_to_speech/easyread-text-27-19_es.mp3
26,easyread-text-26-7,es,tts_output/text_to_speech/easyread-text-26-7_es.mp3
26,easyread-text-26-3,es,tts_output/text_to_speech/easyread-text-26-3_es.mp3
27,easyread-text-27-21,es,tts_output/text_to_speech/easyread-text-27-21_es.mp3
27,easyread-text-27-22,es,tts_output/text_to_speech/easyread-text-27-22_es.mp3
27,easyread-text-27-14,es,tts_output/text_to_speech/easyread-text-27-14_es.mp3
27,easyread-text-27-0,es,tts_output/text_to_speech/easyread-text-27-0_es.mp3
27,easyread-text-27-20,es,tts_output/text_to_speech/easyread-text-27-20_es.mp3
27,easyread-text-27-12,es,tts_output/text_to_speech/easyread-text-27-12_es.mp3
27,easyread-text-27-24,es,tts_output/text_to_speech/easyread-text-27-24_es.mp3
25,easyread-text-25-6,es,tts_output/text_to_speech/easyread-text-25-6_es.mp3
27,easyread-text-27-9,es,tts_output/text_to_speech/easyread-text-27-9_es.mp3
27,easyread-text-27-3,es,tts_output/text_to_speech/easyread-text-27-3_es.mp3
27,easyread-text-27-4,es,tts_output/text_to_speech/easyread-text-27-4_es.mp3
27,easyread-text-27-16,es,tts_output/text_to_speech/easyread-text-27-16_es.mp3
27,easyread-text-27-5,es,tts_output/text_to_speech/easyread-text-27-5_es.mp3
26,easyread-text-26-12,es,tts_output/text_to_speech/easyread-text-26-12_es.mp3
27,easyread-text-27-15,es,tts_output/text_to_speech/easyread-text-27-15_es.mp3
27,easyread-text-27-23,es,tts_output/text_to_speech/easyread-text-27-23_es.mp3
27,easyread-text-27-17,es,tts_output/text_to_speech/easyread-text-27-17_es.mp3
28,easyread-text-28-33,es,tts_output/text_to_speech/easyread-text-28-33_es.mp3
26,easyread-text-26-0,es,tts_output/text_to_speech/easyread-text-26-0_es.mp3
28,easyread-text-28-13,es,tts_output/text_to_speech/easyread-text-28-13_es.mp3
28,easyread-text-28-40,es,tts_output/text_to_speech/easyread-text-28-40_es.mp3
27,easyread-text-27-25,es,tts_output/text_to_speech/easyread-text-27-25_es.mp3
28,easyread-text-28-1,es,tts_output/text_to_speech/easyread-text-28-1_es.mp3
27,easyread-text-27-10,es,tts_output/text_to_speech/easyread-text-27-10_es.mp3
26,easyread-text-26-2,es,tts_output/text_to_speech/easyread-text-26-2_es.mp3
28,easyread-text-28-19,es,tts_output/text_to_speech/easyread-text-28-19_es.mp3
28,easyread-text-28-39,es,tts_output/text_to_speech/easyread-text-28-39_es.mp3
28,easyread-text-28-35,es,tts_output/text_to_speech/easyread-text-28-35_es.mp3
27,easyread-text-27-11,es,tts_output/text_to_speech/easyread-text-27-11_es.mp3
28,easyread-text-28-43,es,tts_output/text_to_speech/easyread-text-28-43_es.mp3
26,easyread-text-26-5,es,tts_output/text_to_speech/easyread-text-26-5_es.mp3
27,easyread-text-27-2,es,tts_output/text_to_speech/easyread-text-27-2_es.mp3
28,easyread-text-28-44,es,tts_output/text_to_speech/easyread-text-28-44_es.mp3
28,easyread-text-28-34,es,tts_output/text_to_speech/easyread-text-28-34_es.mp3
27,easyread-text-27-1,es,tts_output/text_to_speech/easyread-text-27-1_es.mp3
28,easyread-text-28-47,es,tts_output/text_to_speech/easyread-text-28-47_es.mp3
28,easyread-text-28-14,es,tts_output/text_to_speech/easyread-text-28-14_es.mp3
28,easyread-text-28-41,es,tts_output/text_to_speech/easyread-text-28-41_es.mp3
28,easyread-text-28-32,es,tts_output/text_to_speech/easyread-text-28-32_es.mp3
28,easyread-text-28-26,es,tts_output/text_to_speech/easyread-text-28-26_es.mp3
28,easyread-text-28-36,es,tts_output/text_to_speech/easyread-text-28-36_es.mp3
26,easyread-text-26-15,es,tts_output/text_to_speech/easyread-text-26-15_es.mp3
28,easyread-text-28-46,es,tts_output/text_to_speech/easyread-text-28-46_es.mp3
28,easyread-text-28-18,es,tts_output/text_to_speech/easyread-text-28-18_es.mp3
28,easyread-text-28-30,es,tts_output/text_to_speech/easyread-text-28-30_es.mp3
28,easyread-text-28-48,es,tts_output/text_to_speech/easyread-text-28-48_es.mp3
28,easyread-text-28-42,es,tts_output/text_to_speech/easyread-text-28-42_es.mp3
28,easyread-text-28-31,es,tts_output/text_to_speech/easyread-text-28-31_es.mp3
28,easyread-text-28-20,es,tts_output/text_to_speech/easyread-text-28-20_es.mp3
28,easyread-text-28-15,es,tts_output/text_to_speech/easyread-text-28-15_es.mp3
28,easyread-text-28-22,es,tts_output/text_to_speech/easyread-text-28-22_es.mp3
28,easyread-text-28-38,es,tts_output/text_to_speech/easyread-text-28-38_es.mp3
28,easyread-text-28-12,es,tts_output/text_to_speech/easyread-text-28-12_es.mp3
28,easyread-text-28-28,es,tts_output/text_to_speech/easyread-text-28-28_es.mp3
28,easyread-text-28-10,es,tts_output/text_to_speech/easyread-text-28-10_es.mp3
28,easyread-text-28-17,es,tts_output/text_to_speech/easyread-text-28-17_es.mp3
28,easyread-text-28-9,es,tts_output/text_to_speech/easyread-text-28-9_es.mp3
28,easyread-text-28-0,es,tts_output/text_to_speech/easyread-text-28-0_es.mp3
28,easyread-text-28-8,es,tts_output/text_to_speech/easyread-text-28-8_es.mp3
28,easyread-text-28-11,es,tts_output/text_to_speech/easyread-text-28-11_es.mp3
28,easyread-text-28-23,es,tts_output/text_to_speech/easyread-text-28-23_es.mp3
28,easyread-text-28-21,es,tts_output/text_to_speech/easyread-text-28-21_es.mp3
28,easyread-text-28-37,es,tts_output/text_to_speech/easyread-text-28-37_es.mp3
29,easyread-text-29-21,es,tts_output/text_to_speech/easyread-text-29-21_es.mp3
29,easyread-text-29-7,es,tts_output/text_to_speech/easyread-text-29-7_es.mp3
29,easyread-text-29-46,es,tts_output/text_to_speech/easyread-text-29-46_es.mp3
28,easyread-text-28-25,es,tts_output/text_to_speech/easyread-text-28-25_es.mp3
29,easyread-text-29-34,es,tts_output/text_to_speech/easyread-text-29-34_es.mp3
29,easyread-text-29-16,es,tts_output/text_to_speech/easyread-text-29-16_es.mp3
29,easyread-text-29-17,es,tts_output/text_to_speech/easyread-text-29-17_es.mp3
28,easyread-text-28-6,es,tts_output/text_to_speech/easyread-text-28-6_es.mp3
28,easyread-text-28-27,es,tts_output/text_to_speech/easyread-text-28-27_es.mp3
29,easyread-text-29-26,es,tts_output/text_to_speech/easyread-text-29-26_es.mp3
28,easyread-text-28-45,es,tts_output/text_to_speech/easyread-text-28-45_es.mp3
28,easyread-text-28-2,es,tts_output/text_to_speech/easyread-text-28-2_es.mp3
29,easyread-text-29-38,es,tts_output/text_to_speech/easyread-text-29-38_es.mp3
29,easyread-text-29-22,es,tts_output/text_to_speech/easyread-text-29-22_es.mp3
29,easyread-text-29-9,es,tts_output/text_to_speech/easyread-text-29-9_es.mp3
29,easyread-text-29-40,es,tts_output/text_to_speech/easyread-text-29-40_es.mp3
29,easyread-text-29-41,es,tts_output/text_to_speech/easyread-text-29-41_es.mp3
29,easyread-text-29-42,es,tts_output/text_to_speech/easyread-text-29-42_es.mp3
29,easyread-text-29-15,es,tts_output/text_to_speech/easyread-text-29-15_es.mp3
28,easyread-text-28-7,es,tts_output/text_to_speech/easyread-text-28-7_es.mp3
29,easyread-text-29-37,es,tts_output/text_to_speech/easyread-text-29-37_es.mp3
28,easyread-text-28-24,es,tts_output/text_to_speech/easyread-text-28-24_es.mp3
29,easyread-text-29-8,es,tts_output/text_to_speech/easyread-text-29-8_es.mp3
29,easyread-text-29-13,es,tts_output/text_to_speech/easyread-text-29-13_es.mp3
29,easyread-text-29-1,es,tts_output/text_to_speech/easyread-text-29-1_es.mp3
29,easyread-text-29-12,es,tts_output/text_to_speech/easyread-text-29-12_es.mp3
29,easyread-text-29-19,es,tts_output/text_to_speech/easyread-text-29-19_es.mp3
28,easyread-text-28-3,es,tts_output/text_to_speech/easyread-text-28-3_es.mp3
28,easyread-text-28-16,es,tts_output/text_to_speech/easyread-text-28-16_es.mp3
28,easyread-text-28-29,es,tts_output/text_to_speech/easyread-text-28-29_es.mp3
29,easyread-text-29-27,es,tts_output/text_to_speech/easyread-text-29-27_es.mp3
29,easyread-text-29-5,es,tts_output/text_to_speech/easyread-text-29-5_es.mp3
29,easyread-text-29-18,es,tts_output/text_to_speech/easyread-text-29-18_es.mp3
29,easyread-text-29-35,es,tts_output/text_to_speech/easyread-text-29-35_es.mp3
29,easyread-text-29-4,es,tts_output/text_to_speech/easyread-text-29-4_es.mp3
28,easyread-text-28-5,es,tts_output/text_to_speech/easyread-text-28-5_es.mp3
29,easyread-text-29-29,es,tts_output/text_to_speech/easyread-text-29-29_es.mp3
29,easyread-text-29-6,es,tts_output/text_to_speech/easyread-text-29-6_es.mp3
29,easyread-text-29-23,es,tts_output/text_to_speech/easyread-text-29-23_es.mp3
28,easyread-text-28-4,es,tts_output/text_to_speech/easyread-text-28-4_es.mp3
29,easyread-text-29-28,es,tts_output/text_to_speech/easyread-text-29-28_es.mp3
29,easyread-text-29-33,es,tts_output/text_to_speech/easyread-text-29-33_es.mp3
29,easyread-text-29-24,es,tts_output/text_to_speech/easyread-text-29-24_es.mp3
29,easyread-text-29-14,es,tts_output/text_to_speech/easyread-text-29-14_es.mp3
29,easyread-text-29-11,es,tts_output/text_to_speech/easyread-text-29-11_es.mp3
29,easyread-text-29-10,es,tts_output/text_to_speech/easyread-text-29-10_es.mp3
29,easyread-text-29-47,es,tts_output/text_to_speech/easyread-text-29-47_es.mp3
29,easyread-text-29-25,es,tts_output/text_to_speech/easyread-text-29-25_es.mp3
30,easyread-text-30-23,es,tts_output/text_to_speech/easyread-text-30-23_es.mp3
29,easyread-text-29-39,es,tts_output/text_to_speech/easyread-text-29-39_es.mp3
29,easyread-text-29-32,es,tts_output/text_to_speech/easyread-text-29-32_es.mp3
30,easyread-text-30-13,es,tts_output/text_to_speech/easyread-text-30-13_es.mp3
30,easyread-text-30-21,es,tts_output/text_to_speech/easyread-text-30-21_es.mp3
27,easyread-text-27-8,es,tts_output/text_to_speech/easyread-text-27-8_es.mp3
30,easyread-text-30-12,es,tts_output/text_to_speech/easyread-text-30-12_es.mp3
29,easyread-text-29-44,es,tts_output/text_to_speech/easyread-text-29-44_es.mp3
30,easyread-text-30-28,es,tts_output/text_to_speech/easyread-text-30-28_es.mp3
30,easyread-text-30-10,es,tts_output/text_to_speech/easyread-text-30-10_es.mp3
29,easyread-text-29-43,es,tts_output/text_to_speech/easyread-text-29-43_es.mp3
30,easyread-text-30-22,es,tts_output/text_to_speech/easyread-text-30-22_es.mp3
30,easyread-text-30-8,es,tts_output/text_to_speech/easyread-text-30-8_es.mp3
30,easyread-text-30-16,es,tts_output/text_to_speech/easyread-text-30-16_es.mp3
30,easyread-text-30-5,es,tts_output/text_to_speech/easyread-text-30-5_es.mp3
29,easyread-text-29-36,es,tts_output/text_to_speech/easyread-text-29-36_es.mp3
29,easyread-text-29-45,es,tts_output/text_to_speech/easyread-text-29-45_es.mp3
29,easyread-text-29-30,es,tts_output/text_to_speech/easyread-text-29-30_es.mp3
30,easyread-text-30-3,es,tts_output/text_to_speech/easyread-text-30-3_es.mp3
30,easyread-text-30-24,es,tts_output/text_to_speech/easyread-text-30-24_es.mp3
29,easyread-text-29-2,es,tts_output/text_to_speech/easyread-text-29-2_es.mp3
30,easyread-text-30-19,es,tts_output/text_to_speech/easyread-text-30-19_es.mp3
30,easyread-text-30-20,es,tts_output/text_to_speech/easyread-text-30-20_es.mp3
30,easyread-text-30-0,es,tts_output/text_to_speech/easyread-text-30-0_es.mp3
30,easyread-text-30-25,es,tts_output/text_to_speech/easyread-text-30-25_es.mp3
30,easyread-text-30-14,es,tts_output/text_to_speech/easyread-text-30-14_es.mp3
30,easyread-text-30-1,es,tts_output/text_to_speech/easyread-text-30-1_es.mp3
30,easyread-text-30-11,es,tts_output/text_to_speech/easyread-text-30-11_es.mp3
30,easyread-text-30-18,es,tts_output/text_to_speech/easyread-text-30-18_es.mp3
29,easyread-text-29-20,es,tts_output/text_to_speech/easyread-text-29-20_es.mp3
29,easyread-text-29-0,es,tts_output/text_to_speech/easyread-text-29-0_es.mp3
30,easyread-text-30-26,es,tts_output/text_to_speech/easyread-text-30-26_es.mp3
30,easyread-text-30-27,es,tts_output/text_to_speech/easyread-text-30-27_es.mp3
30,easyread-text-30-9,es,tts_output/text_to_speech/easyread-text-30-9_es.mp3
30,easyread-text-30-29,es,tts_output/text_to_speech/easyread-text-30-29_es.mp3
29,easyread-text-29-31,es,tts_output/text_to_speech/easyread-text-29-31_es.mp3
30,easyread-text-30-4,es,tts_output/text_to_speech/easyread-text-30-4_es.mp3
29,easyread-text-29-3,es,tts_output/text_to_speech/easyread-text-29-3_es.mp3
30,easyread-text-30-6,es,tts_output/text_to_speech/easyread-text-30-6_es.mp3
30,easyread-text-30-2,es,tts_output/text_to_speech/easyread-text-30-2_es.mp3
30,easyread-text-30-15,es,tts_output/text_to_speech/easyread-text-30-15_es.mp3
30,easyread-text-30-17,es,tts_output/text_to_speech/easyread-text-30-17_es.mp3
30,easyread-text-30-30,es,tts_output/text_to_speech/easyread-text-30-30_es.mp3
30,easyread-text-30-7,es,tts_output/text_to_speech/easyread-text-30-7_es.mp3
