id,page_index,text_id,status,error
easyread-text-21-0,21,text-21-0,enqueued,
easyread-text-21-0,21,text-21-0,enqueued,
easyread-text-21-1,21,text-21-1,enqueued,
easyread-text-21-1,21,text-21-1,enqueued,
easyread-text-21-2,21,text-21-2,enqueued,
easyread-text-21-2,21,text-21-2,enqueued,
easyread-text-21-3,21,text-21-3,enqueued,
easyread-text-21-3,21,text-21-3,enqueued,
easyread-text-21-4,21,text-21-4,enqueued,
easyread-text-21-4,21,text-21-4,enqueued,
easyread-text-21-5,21,text-21-5,enqueued,
easyread-text-21-5,21,text-21-5,enqueued,
easyread-text-21-6,21,text-21-6,enqueued,
easyread-text-21-6,21,text-21-6,enqueued,
easyread-text-21-7,21,text-21-7,enqueued,
easyread-text-21-7,21,text-21-7,enqueued,
easyread-text-15-0,15,text-15-0,enqueued,
easyread-text-21-8,21,text-21-8,enqueued,
easyread-text-15-0,15,text-15-0,enqueued,
easyread-text-21-8,21,text-21-8,enqueued,
easyread-text-15-1,15,text-15-1,enqueued,
easyread-text-21-9,21,text-21-9,enqueued,
easyread-text-15-1,15,text-15-1,enqueued,
easyread-text-21-9,21,text-21-9,enqueued,
easyread-text-15-2,15,text-15-2,enqueued,
easyread-text-15-2,15,text-15-2,enqueued,
easyread-text-21-10,21,text-21-10,enqueued,
easyread-text-21-10,21,text-21-10,enqueued,
easyread-text-15-3,15,text-15-3,enqueued,
easyread-text-15-3,15,text-15-3,enqueued,
easyread-text-21-11,21,text-21-11,enqueued,
easyread-text-21-11,21,text-21-11,enqueued,
easyread-text-15-4,15,text-15-4,enqueued,
easyread-text-15-4,15,text-15-4,enqueued,
easyread-text-21-12,21,text-21-12,enqueued,
easyread-text-21-12,21,text-21-12,enqueued,
easyread-text-15-5,15,text-15-5,enqueued,
easyread-text-15-5,15,text-15-5,enqueued,
easyread-text-15-6,15,text-15-6,enqueued,
easyread-text-15-6,15,text-15-6,enqueued,
easyread-text-15-7,15,text-15-7,enqueued,
easyread-text-15-7,15,text-15-7,enqueued,
easyread-text-15-8,15,text-15-8,enqueued,
easyread-text-15-8,15,text-15-8,enqueued,
easyread-text-15-9,15,text-15-9,enqueued,
easyread-text-15-9,15,text-15-9,enqueued,
easyread-text-15-10,15,text-15-10,enqueued,
easyread-text-15-10,15,text-15-10,enqueued,
easyread-text-15-11,15,text-15-11,enqueued,
easyread-text-15-11,15,text-15-11,enqueued,
easyread-text-15-12,15,text-15-12,enqueued,
easyread-text-15-12,15,text-15-12,enqueued,
easyread-text-15-13,15,text-15-13,enqueued,
easyread-text-15-13,15,text-15-13,enqueued,
easyread-text-15-14,15,text-15-14,enqueued,
easyread-text-15-14,15,text-15-14,enqueued,
easyread-text-15-15,15,text-15-15,enqueued,
easyread-text-15-15,15,text-15-15,enqueued,
easyread-text-15-16,15,text-15-16,enqueued,
easyread-text-15-16,15,text-15-16,enqueued,
easyread-text-15-17,15,text-15-17,enqueued,
easyread-text-15-17,15,text-15-17,enqueued,
easyread-text-15-18,15,text-15-18,enqueued,
easyread-text-15-18,15,text-15-18,enqueued,
easyread-text-15-19,15,text-15-19,enqueued,
easyread-text-15-19,15,text-15-19,enqueued,
easyread-text-15-20,15,text-15-20,enqueued,
easyread-text-15-20,15,text-15-20,enqueued,
easyread-text-15-21,15,text-15-21,enqueued,
easyread-text-15-21,15,text-15-21,enqueued,
easyread-text-22-0,22,text-22-0,enqueued,
easyread-text-22-0,22,text-22-0,enqueued,
easyread-text-22-1,22,text-22-1,enqueued,
easyread-text-22-1,22,text-22-1,enqueued,
easyread-text-22-2,22,text-22-2,enqueued,
easyread-text-22-2,22,text-22-2,enqueued,
easyread-text-22-3,22,text-22-3,enqueued,
easyread-text-22-3,22,text-22-3,enqueued,
easyread-text-22-4,22,text-22-4,enqueued,
easyread-text-22-4,22,text-22-4,enqueued,
easyread-text-22-5,22,text-22-5,enqueued,
easyread-text-22-5,22,text-22-5,enqueued,
easyread-text-22-6,22,text-22-6,enqueued,
easyread-text-22-6,22,text-22-6,enqueued,
easyread-text-22-7,22,text-22-7,enqueued,
easyread-text-22-7,22,text-22-7,enqueued,
easyread-text-22-8,22,text-22-8,enqueued,
easyread-text-22-8,22,text-22-8,enqueued,
easyread-text-22-9,22,text-22-9,enqueued,
easyread-text-22-9,22,text-22-9,enqueued,
easyread-text-22-10,22,text-22-10,enqueued,
easyread-text-22-10,22,text-22-10,enqueued,
easyread-text-22-11,22,text-22-11,enqueued,
easyread-text-22-11,22,text-22-11,enqueued,
easyread-text-22-12,22,text-22-12,enqueued,
easyread-text-22-12,22,text-22-12,enqueued,
easyread-text-22-13,22,text-22-13,enqueued,
easyread-text-22-13,22,text-22-13,enqueued,
easyread-text-22-14,22,text-22-14,enqueued,
easyread-text-22-14,22,text-22-14,enqueued,
easyread-text-14-0,14,text-14-0,enqueued,
easyread-text-14-0,14,text-14-0,enqueued,
easyread-text-14-1,14,text-14-1,enqueued,
easyread-text-14-1,14,text-14-1,enqueued,
easyread-text-14-2,14,text-14-2,enqueued,
easyread-text-14-2,14,text-14-2,enqueued,
easyread-text-14-3,14,text-14-3,enqueued,
easyread-text-14-3,14,text-14-3,enqueued,
easyread-text-14-4,14,text-14-4,enqueued,
easyread-text-14-4,14,text-14-4,enqueued,
easyread-text-14-5,14,text-14-5,enqueued,
easyread-text-14-5,14,text-14-5,enqueued,
easyread-text-14-6,14,text-14-6,enqueued,
easyread-text-14-6,14,text-14-6,enqueued,
easyread-text-14-7,14,text-14-7,enqueued,
easyread-text-14-7,14,text-14-7,enqueued,
easyread-text-14-8,14,text-14-8,enqueued,
easyread-text-14-8,14,text-14-8,enqueued,
easyread-text-14-9,14,text-14-9,enqueued,
easyread-text-14-9,14,text-14-9,enqueued,
easyread-text-14-10,14,text-14-10,enqueued,
easyread-text-14-10,14,text-14-10,enqueued,
easyread-text-14-11,14,text-14-11,enqueued,
easyread-text-14-11,14,text-14-11,enqueued,
easyread-text-14-12,14,text-14-12,enqueued,
easyread-text-14-12,14,text-14-12,enqueued,
easyread-text-14-13,14,text-14-13,enqueued,
easyread-text-14-13,14,text-14-13,enqueued,
easyread-text-14-14,14,text-14-14,enqueued,
easyread-text-14-14,14,text-14-14,enqueued,
easyread-text-14-15,14,text-14-15,enqueued,
easyread-text-14-15,14,text-14-15,enqueued,
easyread-text-14-16,14,text-14-16,enqueued,
easyread-text-17-0,17,text-17-0,enqueued,
easyread-text-14-16,14,text-14-16,enqueued,
easyread-text-17-0,17,text-17-0,enqueued,
easyread-text-14-17,14,text-14-17,enqueued,
easyread-text-17-1,17,text-17-1,enqueued,
easyread-text-14-17,14,text-14-17,enqueued,
easyread-text-17-1,17,text-17-1,enqueued,
easyread-text-14-18,14,text-14-18,enqueued,
easyread-text-17-2,17,text-17-2,enqueued,
easyread-text-14-18,14,text-14-18,enqueued,
easyread-text-17-2,17,text-17-2,enqueued,
easyread-text-16-0,16,text-16-0,enqueued,
easyread-text-14-19,14,text-14-19,enqueued,
easyread-text-16-0,16,text-16-0,enqueued,
easyread-text-17-3,17,text-17-3,enqueued,
easyread-text-14-19,14,text-14-19,enqueued,
easyread-text-16-1,16,text-16-1,enqueued,
easyread-text-17-3,17,text-17-3,enqueued,
easyread-text-14-20,14,text-14-20,enqueued,
easyread-text-16-1,16,text-16-1,enqueued,
easyread-text-14-20,14,text-14-20,enqueued,
easyread-text-17-4,17,text-17-4,enqueued,
easyread-text-16-2,16,text-16-2,enqueued,
easyread-text-17-4,17,text-17-4,enqueued,
easyread-text-14-21,14,text-14-21,enqueued,
easyread-text-16-2,16,text-16-2,enqueued,
easyread-text-14-21,14,text-14-21,enqueued,
easyread-text-17-5,17,text-17-5,enqueued,
easyread-text-16-3,16,text-16-3,enqueued,
easyread-text-17-5,17,text-17-5,enqueued,
easyread-text-14-22,14,text-14-22,enqueued,
easyread-text-16-3,16,text-16-3,enqueued,
easyread-text-14-22,14,text-14-22,enqueued,
easyread-text-17-6,17,text-17-6,enqueued,
easyread-text-16-4,16,text-16-4,enqueued,
easyread-text-14-23,14,text-14-23,enqueued,
easyread-text-17-6,17,text-17-6,enqueued,
easyread-text-16-4,16,text-16-4,enqueued,
easyread-text-14-23,14,text-14-23,enqueued,
easyread-text-21-4,21,text-21-4,success,
easyread-text-17-7,17,text-17-7,enqueued,
easyread-text-16-5,16,text-16-5,enqueued,
easyread-text-14-24,14,text-14-24,enqueued,
easyread-text-17-7,17,text-17-7,enqueued,
easyread-text-16-5,16,text-16-5,enqueued,
easyread-text-14-24,14,text-14-24,enqueued,
easyread-text-21-1,21,text-21-1,success,
easyread-text-17-8,17,text-17-8,enqueued,
easyread-text-16-6,16,text-16-6,enqueued,
easyread-text-14-25,14,text-14-25,enqueued,
easyread-text-17-8,17,text-17-8,enqueued,
easyread-text-16-6,16,text-16-6,enqueued,
easyread-text-21-3,21,text-21-3,success,
easyread-text-14-25,14,text-14-25,enqueued,
easyread-text-12-0,12,text-12-0,enqueued,
easyread-text-17-9,17,text-17-9,enqueued,
easyread-text-16-7,16,text-16-7,enqueued,
easyread-text-12-0,12,text-12-0,enqueued,
easyread-text-14-26,14,text-14-26,enqueued,
easyread-text-21-4,21,text-21-4,success,
easyread-text-17-9,17,text-17-9,enqueued,
easyread-text-16-7,16,text-16-7,enqueued,
easyread-text-12-1,12,text-12-1,enqueued,
easyread-text-14-26,14,text-14-26,enqueued,
easyread-text-17-10,17,text-17-10,enqueued,
easyread-text-12-1,12,text-12-1,enqueued,
easyread-text-17-10,17,text-17-10,enqueued,
easyread-text-16-8,16,text-16-8,enqueued,
easyread-text-14-27,14,text-14-27,enqueued,
easyread-text-12-2,12,text-12-2,enqueued,
easyread-text-16-8,16,text-16-8,enqueued,
easyread-text-14-27,14,text-14-27,enqueued,
easyread-text-17-11,17,text-17-11,enqueued,
easyread-text-12-2,12,text-12-2,enqueued,
easyread-text-21-2,21,text-21-2,success,
easyread-text-16-9,16,text-16-9,enqueued,
easyread-text-17-11,17,text-17-11,enqueued,
easyread-text-14-28,14,text-14-28,enqueued,
easyread-text-21-0,21,text-21-0,success,
easyread-text-12-3,12,text-12-3,enqueued,
easyread-text-16-9,16,text-16-9,enqueued,
easyread-text-14-28,14,text-14-28,enqueued,
easyread-text-17-12,17,text-17-12,enqueued,
easyread-text-12-3,12,text-12-3,enqueued,
easyread-text-16-10,16,text-16-10,enqueued,
easyread-text-17-12,17,text-17-12,enqueued,
easyread-text-16-10,16,text-16-10,enqueued,
easyread-text-12-4,12,text-12-4,enqueued,
easyread-text-17-13,17,text-17-13,enqueued,
easyread-text-12-4,12,text-12-4,enqueued,
easyread-text-16-11,16,text-16-11,enqueued,
easyread-text-17-13,17,text-17-13,enqueued,
easyread-text-16-11,16,text-16-11,enqueued,
easyread-text-12-5,12,text-12-5,enqueued,
easyread-text-17-14,17,text-17-14,enqueued,
easyread-text-16-12,16,text-16-12,enqueued,
easyread-text-21-3,21,text-21-3,success,
easyread-text-21-1,21,text-21-1,success,
easyread-text-12-5,12,text-12-5,enqueued,
easyread-text-17-14,17,text-17-14,enqueued,
easyread-text-21-2,21,text-21-2,success,
easyread-text-16-12,16,text-16-12,enqueued,
easyread-text-21-5,21,text-21-5,success,
easyread-text-12-6,12,text-12-6,enqueued,
easyread-text-17-15,17,text-17-15,enqueued,
easyread-text-16-13,16,text-16-13,enqueued,
easyread-text-12-6,12,text-12-6,enqueued,
easyread-text-17-15,17,text-17-15,enqueued,
easyread-text-16-13,16,text-16-13,enqueued,
easyread-text-12-7,12,text-12-7,enqueued,
easyread-text-17-16,17,text-17-16,enqueued,
easyread-text-12-7,12,text-12-7,enqueued,
easyread-text-16-14,16,text-16-14,enqueued,
easyread-text-17-16,17,text-17-16,enqueued,
easyread-text-16-14,16,text-16-14,enqueued,
easyread-text-12-8,12,text-12-8,enqueued,
easyread-text-25-0,25,text-25-0,enqueued,
easyread-text-17-17,17,text-17-17,enqueued,
easyread-text-12-8,12,text-12-8,enqueued,
easyread-text-16-15,16,text-16-15,enqueued,
easyread-text-25-0,25,text-25-0,enqueued,
easyread-text-17-17,17,text-17-17,enqueued,
easyread-text-16-15,16,text-16-15,enqueued,
easyread-text-12-9,12,text-12-9,enqueued,
easyread-text-25-1,25,text-25-1,enqueued,
easyread-text-12-9,12,text-12-9,enqueued,
easyread-text-17-18,17,text-17-18,enqueued,
easyread-text-25-1,25,text-25-1,enqueued,
easyread-text-16-16,16,text-16-16,enqueued,
easyread-text-21-6,21,text-21-6,success,
easyread-text-12-10,12,text-12-10,enqueued,
easyread-text-17-18,17,text-17-18,enqueued,
easyread-text-18-0,18,text-18-0,enqueued,
easyread-text-16-16,16,text-16-16,enqueued,
easyread-text-12-10,12,text-12-10,enqueued,
easyread-text-25-2,25,text-25-2,enqueued,
easyread-text-18-0,18,text-18-0,enqueued,
easyread-text-17-19,17,text-17-19,enqueued,
easyread-text-25-2,25,text-25-2,enqueued,
easyread-text-16-17,16,text-16-17,enqueued,
easyread-text-12-11,12,text-12-11,enqueued,
easyread-text-17-19,17,text-17-19,enqueued,
easyread-text-16-17,16,text-16-17,enqueued,
easyread-text-18-1,18,text-18-1,enqueued,
easyread-text-12-11,12,text-12-11,enqueued,
easyread-text-25-3,25,text-25-3,enqueued,
easyread-text-17-20,17,text-17-20,enqueued,
easyread-text-18-1,18,text-18-1,enqueued,
easyread-text-21-8,21,text-21-8,success,
easyread-text-21-7,21,text-21-7,success,
easyread-text-25-3,25,text-25-3,enqueued,
easyread-text-17-20,17,text-17-20,enqueued,
easyread-text-12-12,12,text-12-12,enqueued,
easyread-text-18-2,18,text-18-2,enqueued,
easyread-text-13-0,13,text-13-0,enqueued,
easyread-text-25-4,25,text-25-4,enqueued,
easyread-text-12-12,12,text-12-12,enqueued,
easyread-text-17-21,17,text-17-21,enqueued,
easyread-text-18-2,18,text-18-2,enqueued,
easyread-text-13-0,13,text-13-0,enqueued,
easyread-text-25-4,25,text-25-4,enqueued,
easyread-text-12-13,12,text-12-13,enqueued,
easyread-text-17-21,17,text-17-21,enqueued,
easyread-text-18-3,18,text-18-3,enqueued,
easyread-text-13-1,13,text-13-1,enqueued,
easyread-text-25-5,25,text-25-5,enqueued,
easyread-text-12-13,12,text-12-13,enqueued,
easyread-text-17-22,17,text-17-22,enqueued,
easyread-text-18-3,18,text-18-3,enqueued,
easyread-text-13-1,13,text-13-1,enqueued,
easyread-text-25-5,25,text-25-5,enqueued,
easyread-text-19-0,19,text-19-0,enqueued,
easyread-text-12-14,12,text-12-14,enqueued,
easyread-text-17-22,17,text-17-22,enqueued,
easyread-text-18-4,18,text-18-4,enqueued,
easyread-text-13-2,13,text-13-2,enqueued,
easyread-text-19-0,19,text-19-0,enqueued,
easyread-text-25-6,25,text-25-6,enqueued,
easyread-text-12-14,12,text-12-14,enqueued,
easyread-text-17-23,17,text-17-23,enqueued,
easyread-text-18-4,18,text-18-4,enqueued,
easyread-text-13-2,13,text-13-2,enqueued,
easyread-text-23-0,23,text-23-0,enqueued,
easyread-text-25-6,25,text-25-6,enqueued,
easyread-text-19-1,19,text-19-1,enqueued,
easyread-text-17-23,17,text-17-23,enqueued,
easyread-text-12-15,12,text-12-15,enqueued,
easyread-text-18-5,18,text-18-5,enqueued,
easyread-text-23-0,23,text-23-0,enqueued,
easyread-text-13-3,13,text-13-3,enqueued,
easyread-text-19-1,19,text-19-1,enqueued,
easyread-text-25-7,25,text-25-7,enqueued,
easyread-text-12-15,12,text-12-15,enqueued,
easyread-text-21-0,21,text-21-0,success,
easyread-text-17-24,17,text-17-24,enqueued,
easyread-text-21-7,21,text-21-7,success,
easyread-text-18-5,18,text-18-5,enqueued,
easyread-text-13-3,13,text-13-3,enqueued,
easyread-text-23-1,23,text-23-1,enqueued,
easyread-text-19-2,19,text-19-2,enqueued,
easyread-text-21-6,21,text-21-6,success,
easyread-text-25-7,25,text-25-7,enqueued,
easyread-text-12-16,12,text-12-16,enqueued,
easyread-text-17-24,17,text-17-24,enqueued,
easyread-text-18-6,18,text-18-6,enqueued,
easyread-text-23-1,23,text-23-1,enqueued,
easyread-text-13-4,13,text-13-4,enqueued,
easyread-text-19-2,19,text-19-2,enqueued,
easyread-text-25-8,25,text-25-8,enqueued,
easyread-text-12-16,12,text-12-16,enqueued,
easyread-text-17-25,17,text-17-25,enqueued,
easyread-text-18-6,18,text-18-6,enqueued,
easyread-text-23-2,23,text-23-2,enqueued,
easyread-text-13-4,13,text-13-4,enqueued,
easyread-text-25-8,25,text-25-8,enqueued,
easyread-text-19-3,19,text-19-3,enqueued,
easyread-text-12-17,12,text-12-17,enqueued,
easyread-text-17-25,17,text-17-25,enqueued,
easyread-text-18-7,18,text-18-7,enqueued,
easyread-text-23-2,23,text-23-2,enqueued,
easyread-text-13-5,13,text-13-5,enqueued,
easyread-text-19-3,19,text-19-3,enqueued,
easyread-text-12-17,12,text-12-17,enqueued,
easyread-text-25-9,25,text-25-9,enqueued,
easyread-text-17-26,17,text-17-26,enqueued,
easyread-text-15-0,15,text-15-0,success,
easyread-text-18-7,18,text-18-7,enqueued,
easyread-text-13-5,13,text-13-5,enqueued,
easyread-text-23-3,23,text-23-3,enqueued,
easyread-text-21-5,21,text-21-5,success,
easyread-text-19-4,19,text-19-4,enqueued,
easyread-text-25-9,25,text-25-9,enqueued,
easyread-text-12-18,12,text-12-18,enqueued,
easyread-text-17-26,17,text-17-26,enqueued,
easyread-text-18-8,18,text-18-8,enqueued,
easyread-text-13-6,13,text-13-6,enqueued,
easyread-text-23-3,23,text-23-3,enqueued,
easyread-text-19-4,19,text-19-4,enqueued,
easyread-text-12-18,12,text-12-18,enqueued,
easyread-text-25-10,25,text-25-10,enqueued,
easyread-text-18-8,18,text-18-8,enqueued,
easyread-text-13-6,13,text-13-6,enqueued,
easyread-text-17-27,17,text-17-27,enqueued,
easyread-text-23-4,23,text-23-4,enqueued,
easyread-text-25-10,25,text-25-10,enqueued,
easyread-text-19-5,19,text-19-5,enqueued,
easyread-text-12-19,12,text-12-19,enqueued,
easyread-text-17-27,17,text-17-27,enqueued,
easyread-text-23-4,23,text-23-4,enqueued,
easyread-text-18-9,18,text-18-9,enqueued,
easyread-text-13-7,13,text-13-7,enqueued,
easyread-text-19-5,19,text-19-5,enqueued,
easyread-text-25-11,25,text-25-11,enqueued,
easyread-text-12-19,12,text-12-19,enqueued,
easyread-text-18-9,18,text-18-9,enqueued,
easyread-text-17-28,17,text-17-28,enqueued,
easyread-text-13-7,13,text-13-7,enqueued,
easyread-text-25-11,25,text-25-11,enqueued,
easyread-text-23-5,23,text-23-5,enqueued,
easyread-text-17-28,17,text-17-28,enqueued,
easyread-text-19-6,19,text-19-6,enqueued,
easyread-text-12-20,12,text-12-20,enqueued,
easyread-text-23-5,23,text-23-5,enqueued,
easyread-text-18-10,18,text-18-10,enqueued,
easyread-text-19-6,19,text-19-6,enqueued,
easyread-text-13-8,13,text-13-8,enqueued,
easyread-text-12-20,12,text-12-20,enqueued,
easyread-text-25-12,25,text-25-12,enqueued,
easyread-text-17-29,17,text-17-29,enqueued,
easyread-text-18-10,18,text-18-10,enqueued,
easyread-text-13-8,13,text-13-8,enqueued,
easyread-text-23-6,23,text-23-6,enqueued,
easyread-text-25-12,25,text-25-12,enqueued,
easyread-text-17-29,17,text-17-29,enqueued,
easyread-text-19-7,19,text-19-7,enqueued,
easyread-text-12-21,12,text-12-21,enqueued,
easyread-text-23-6,23,text-23-6,enqueued,
easyread-text-18-11,18,text-18-11,enqueued,
easyread-text-13-9,13,text-13-9,enqueued,
easyread-text-19-7,19,text-19-7,enqueued,
easyread-text-12-21,12,text-12-21,enqueued,
easyread-text-25-13,25,text-25-13,enqueued,
easyread-text-17-30,17,text-17-30,enqueued,
easyread-text-18-11,18,text-18-11,enqueued,
easyread-text-13-9,13,text-13-9,enqueued,
easyread-text-23-7,23,text-23-7,enqueued,
easyread-text-19-8,19,text-19-8,enqueued,
easyread-text-25-13,25,text-25-13,enqueued,
easyread-text-12-22,12,text-12-22,enqueued,
easyread-text-17-30,17,text-17-30,enqueued,
easyread-text-18-12,18,text-18-12,enqueued,
easyread-text-23-7,23,text-23-7,enqueued,
easyread-text-13-10,13,text-13-10,enqueued,
easyread-text-19-8,19,text-19-8,enqueued,
easyread-text-15-1,15,text-15-1,success,
easyread-text-21-10,21,text-21-10,success,
easyread-text-12-22,12,text-12-22,enqueued,
easyread-text-21-9,21,text-21-9,success,
easyread-text-25-14,25,text-25-14,enqueued,
easyread-text-18-12,18,text-18-12,enqueued,
easyread-text-17-31,17,text-17-31,enqueued,
easyread-text-13-10,13,text-13-10,enqueued,
easyread-text-23-8,23,text-23-8,enqueued,
easyread-text-19-9,19,text-19-9,enqueued,
easyread-text-12-23,12,text-12-23,enqueued,
easyread-text-25-14,25,text-25-14,enqueued,
easyread-text-21-8,21,text-21-8,success,
easyread-text-15-3,15,text-15-3,success,
easyread-text-18-13,18,text-18-13,enqueued,
easyread-text-15-0,15,text-15-0,success,
easyread-text-17-31,17,text-17-31,enqueued,
easyread-text-23-8,23,text-23-8,enqueued,
easyread-text-13-11,13,text-13-11,enqueued,
easyread-text-19-9,19,text-19-9,enqueued,
easyread-text-12-23,12,text-12-23,enqueued,
easyread-text-25-15,25,text-25-15,enqueued,
easyread-text-18-13,18,text-18-13,enqueued,
easyread-text-17-32,17,text-17-32,enqueued,
easyread-text-23-9,23,text-23-9,enqueued,
easyread-text-13-11,13,text-13-11,enqueued,
easyread-text-11-0,11,text-11-0,enqueued,
easyread-text-25-15,25,text-25-15,enqueued,
easyread-text-19-10,19,text-19-10,enqueued,
easyread-text-17-32,17,text-17-32,enqueued,
easyread-text-23-9,23,text-23-9,enqueued,
easyread-text-12-24,12,text-12-24,enqueued,
easyread-text-11-0,11,text-11-0,enqueued,
easyread-text-18-14,18,text-18-14,enqueued,
easyread-text-13-12,13,text-13-12,enqueued,
easyread-text-19-10,19,text-19-10,enqueued,
easyread-text-25-16,25,text-25-16,enqueued,
easyread-text-15-2,15,text-15-2,success,
easyread-text-17-33,17,text-17-33,enqueued,
easyread-text-12-24,12,text-12-24,enqueued,
easyread-text-23-10,23,text-23-10,enqueued,
easyread-text-18-14,18,text-18-14,enqueued,
easyread-text-11-1,11,text-11-1,enqueued,
easyread-text-13-12,13,text-13-12,enqueued,
easyread-text-25-16,25,text-25-16,enqueued,
easyread-text-17-33,17,text-17-33,enqueued,
easyread-text-20-0,20,text-20-0,enqueued,
easyread-text-23-10,23,text-23-10,enqueued,
easyread-text-19-11,19,text-19-11,enqueued,
easyread-text-11-1,11,text-11-1,enqueued,
easyread-text-12-25,12,text-12-25,enqueued,
easyread-text-18-15,18,text-18-15,enqueued,
easyread-text-13-13,13,text-13-13,enqueued,
easyread-text-25-17,25,text-25-17,enqueued,
easyread-text-20-0,20,text-20-0,enqueued,
easyread-text-17-34,17,text-17-34,enqueued,
easyread-text-19-11,19,text-19-11,enqueued,
easyread-text-23-11,23,text-23-11,enqueued,
easyread-text-12-25,12,text-12-25,enqueued,
easyread-text-11-2,11,text-11-2,enqueued,
easyread-text-18-15,18,text-18-15,enqueued,
easyread-text-13-13,13,text-13-13,enqueued,
easyread-text-25-17,25,text-25-17,enqueued,
easyread-text-26-0,26,text-26-0,enqueued,
easyread-text-17-34,17,text-17-34,enqueued,
easyread-text-20-1,20,text-20-1,enqueued,
easyread-text-23-11,23,text-23-11,enqueued,
easyread-text-19-12,19,text-19-12,enqueued,
easyread-text-12-26,12,text-12-26,enqueued,
easyread-text-11-2,11,text-11-2,enqueued,
easyread-text-13-14,13,text-13-14,enqueued,
easyread-text-25-18,25,text-25-18,enqueued,
easyread-text-26-0,26,text-26-0,enqueued,
easyread-text-17-35,17,text-17-35,enqueued,
easyread-text-20-1,20,text-20-1,enqueued,
easyread-text-23-12,23,text-23-12,enqueued,
easyread-text-19-12,19,text-19-12,enqueued,
easyread-text-12-26,12,text-12-26,enqueued,
easyread-text-11-3,11,text-11-3,enqueued,
easyread-text-13-14,13,text-13-14,enqueued,
easyread-text-25-18,25,text-25-18,enqueued,
easyread-text-17-35,17,text-17-35,enqueued,
easyread-text-26-1,26,text-26-1,enqueued,
easyread-text-23-12,23,text-23-12,enqueued,
easyread-text-20-2,20,text-20-2,enqueued,
easyread-text-19-13,19,text-19-13,enqueued,
easyread-text-12-27,12,text-12-27,enqueued,
easyread-text-11-3,11,text-11-3,enqueued,
easyread-text-13-15,13,text-13-15,enqueued,
easyread-text-26-1,26,text-26-1,enqueued,
easyread-text-25-19,25,text-25-19,enqueued,
easyread-text-17-36,17,text-17-36,enqueued,
easyread-text-20-2,20,text-20-2,enqueued,
easyread-text-23-13,23,text-23-13,enqueued,
easyread-text-15-1,15,text-15-1,success,
easyread-text-19-13,19,text-19-13,enqueued,
easyread-text-21-11,21,text-21-11,success,
easyread-text-12-27,12,text-12-27,enqueued,
easyread-text-15-4,15,text-15-4,success,
easyread-text-11-4,11,text-11-4,enqueued,
easyread-text-13-15,13,text-13-15,enqueued,
easyread-text-15-3,15,text-15-3,success,
easyread-text-15-5,15,text-15-5,success,
easyread-text-25-19,25,text-25-19,enqueued,
easyread-text-17-36,17,text-17-36,enqueued,
easyread-text-26-2,26,text-26-2,enqueued,
easyread-text-23-13,23,text-23-13,enqueued,
easyread-text-21-11,21,text-21-11,success,
easyread-text-21-12,21,text-21-12,success,
easyread-text-20-3,20,text-20-3,enqueued,
easyread-text-19-14,19,text-19-14,enqueued,
easyread-text-11-4,11,text-11-4,enqueued,
easyread-text-13-16,13,text-13-16,enqueued,
easyread-text-15-4,15,text-15-4,success,
easyread-text-25-20,25,text-25-20,enqueued,
easyread-text-17-37,17,text-17-37,enqueued,
easyread-text-26-2,26,text-26-2,enqueued,
easyread-text-21-9,21,text-21-9,success,
easyread-text-23-14,23,text-23-14,enqueued,
easyread-text-20-3,20,text-20-3,enqueued,
easyread-text-19-14,19,text-19-14,enqueued,
easyread-text-13-16,13,text-13-16,enqueued,
easyread-text-11-5,11,text-11-5,enqueued,
easyread-text-25-20,25,text-25-20,enqueued,
easyread-text-17-37,17,text-17-37,enqueued,
easyread-text-27-0,27,text-27-0,enqueued,
easyread-text-23-14,23,text-23-14,enqueued,
easyread-text-26-3,26,text-26-3,enqueued,
easyread-text-20-4,20,text-20-4,enqueued,
easyread-text-15-2,15,text-15-2,success,
easyread-text-11-5,11,text-11-5,enqueued,
easyread-text-21-10,21,text-21-10,success,
easyread-text-19-15,19,text-19-15,enqueued,
easyread-text-13-17,13,text-13-17,enqueued,
easyread-text-25-21,25,text-25-21,enqueued,
easyread-text-27-0,27,text-27-0,enqueued,
easyread-text-21-12,21,text-21-12,success,
easyread-text-26-3,26,text-26-3,enqueued,
easyread-text-20-4,20,text-20-4,enqueued,
easyread-text-23-15,23,text-23-15,enqueued,
easyread-text-11-6,11,text-11-6,enqueued,
easyread-text-19-15,19,text-19-15,enqueued,
easyread-text-13-17,13,text-13-17,enqueued,
easyread-text-25-21,25,text-25-21,enqueued,
easyread-text-27-1,27,text-27-1,enqueued,
easyread-text-30-0,30,text-30-0,enqueued,
easyread-text-26-4,26,text-26-4,enqueued,
easyread-text-20-5,20,text-20-5,enqueued,
easyread-text-23-15,23,text-23-15,enqueued,
easyread-text-11-6,11,text-11-6,enqueued,
easyread-text-19-16,19,text-19-16,enqueued,
easyread-text-13-18,13,text-13-18,enqueued,
easyread-text-27-1,27,text-27-1,enqueued,
easyread-text-30-0,30,text-30-0,enqueued,
easyread-text-26-4,26,text-26-4,enqueued,
easyread-text-20-5,20,text-20-5,enqueued,
easyread-text-23-16,23,text-23-16,enqueued,
easyread-text-19-16,19,text-19-16,enqueued,
easyread-text-13-18,13,text-13-18,enqueued,
easyread-text-11-7,11,text-11-7,enqueued,
easyread-text-27-2,27,text-27-2,enqueued,
easyread-text-30-1,30,text-30-1,enqueued,
easyread-text-23-16,23,text-23-16,enqueued,
easyread-text-26-5,26,text-26-5,enqueued,
easyread-text-20-6,20,text-20-6,enqueued,
easyread-text-19-17,19,text-19-17,enqueued,
easyread-text-15-6,15,text-15-6,success,
easyread-text-11-7,11,text-11-7,enqueued,
easyread-text-27-2,27,text-27-2,enqueued,
easyread-text-30-1,30,text-30-1,enqueued,
easyread-text-13-19,13,text-13-19,enqueued,
easyread-text-10-0,10,text-10-0,enqueued,
easyread-text-26-5,26,text-26-5,enqueued,
easyread-text-23-17,23,text-23-17,enqueued,
easyread-text-20-6,20,text-20-6,enqueued,
easyread-text-19-17,19,text-19-17,enqueued,
easyread-text-11-8,11,text-11-8,enqueued,
easyread-text-15-6,15,text-15-6,success,
easyread-text-27-3,27,text-27-3,enqueued,
easyread-text-13-19,13,text-13-19,enqueued,
easyread-text-30-2,30,text-30-2,enqueued,
easyread-text-10-0,10,text-10-0,enqueued,
easyread-text-23-17,23,text-23-17,enqueued,
easyread-text-26-6,26,text-26-6,enqueued,
easyread-text-20-7,20,text-20-7,enqueued,
easyread-text-11-8,11,text-11-8,enqueued,
easyread-text-19-18,19,text-19-18,enqueued,
easyread-text-27-3,27,text-27-3,enqueued,
easyread-text-30-2,30,text-30-2,enqueued,
easyread-text-13-20,13,text-13-20,enqueued,
easyread-text-10-1,10,text-10-1,enqueued,
easyread-text-28-0,28,text-28-0,enqueued,
easyread-text-26-6,26,text-26-6,enqueued,
easyread-text-20-7,20,text-20-7,enqueued,
easyread-text-19-18,19,text-19-18,enqueued,
easyread-text-11-9,11,text-11-9,enqueued,
easyread-text-27-4,27,text-27-4,enqueued,
easyread-text-15-7,15,text-15-7,success,
easyread-text-13-20,13,text-13-20,enqueued,
easyread-text-30-3,30,text-30-3,enqueued,
easyread-text-10-1,10,text-10-1,enqueued,
easyread-text-15-8,15,text-15-8,success,
easyread-text-28-0,28,text-28-0,enqueued,
easyread-text-26-7,26,text-26-7,enqueued,
easyread-text-15-7,15,text-15-7,success,
easyread-text-20-8,20,text-20-8,enqueued,
easyread-text-11-9,11,text-11-9,enqueued,
easyread-text-19-19,19,text-19-19,enqueued,
easyread-text-27-4,27,text-27-4,enqueued,
easyread-text-30-3,30,text-30-3,enqueued,
easyread-text-13-21,13,text-13-21,enqueued,
easyread-text-10-2,10,text-10-2,enqueued,
easyread-text-28-1,28,text-28-1,enqueued,
easyread-text-26-7,26,text-26-7,enqueued,
easyread-text-20-8,20,text-20-8,enqueued,
easyread-text-11-10,11,text-11-10,enqueued,
easyread-text-19-19,19,text-19-19,enqueued,
easyread-text-27-5,27,text-27-5,enqueued,
easyread-text-13-21,13,text-13-21,enqueued,
easyread-text-30-4,30,text-30-4,enqueued,
easyread-text-10-2,10,text-10-2,enqueued,
easyread-text-28-1,28,text-28-1,enqueued,
easyread-text-26-8,26,text-26-8,enqueued,
easyread-text-11-10,11,text-11-10,enqueued,
easyread-text-20-9,20,text-20-9,enqueued,
easyread-text-27-5,27,text-27-5,enqueued,
easyread-text-19-20,19,text-19-20,enqueued,
easyread-text-13-22,13,text-13-22,enqueued,
easyread-text-30-4,30,text-30-4,enqueued,
easyread-text-26-8,26,text-26-8,enqueued,
easyread-text-10-3,10,text-10-3,enqueued,
easyread-text-28-2,28,text-28-2,enqueued,
easyread-text-20-9,20,text-20-9,enqueued,
easyread-text-11-11,11,text-11-11,enqueued,
easyread-text-19-20,19,text-19-20,enqueued,
easyread-text-27-6,27,text-27-6,enqueued,
easyread-text-13-22,13,text-13-22,enqueued,
easyread-text-30-5,30,text-30-5,enqueued,
easyread-text-26-9,26,text-26-9,enqueued,
easyread-text-10-3,10,text-10-3,enqueued,
easyread-text-28-2,28,text-28-2,enqueued,
easyread-text-11-11,11,text-11-11,enqueued,
easyread-text-20-10,20,text-20-10,enqueued,
easyread-text-27-6,27,text-27-6,enqueued,
easyread-text-19-21,19,text-19-21,enqueued,
easyread-text-13-23,13,text-13-23,enqueued,
easyread-text-30-5,30,text-30-5,enqueued,
easyread-text-26-9,26,text-26-9,enqueued,
easyread-text-10-4,10,text-10-4,enqueued,
easyread-text-20-10,20,text-20-10,enqueued,
easyread-text-28-3,28,text-28-3,enqueued,
easyread-text-11-12,11,text-11-12,enqueued,
easyread-text-27-7,27,text-27-7,enqueued,
easyread-text-15-5,15,text-15-5,success,
easyread-text-15-8,15,text-15-8,success,
easyread-text-19-21,19,text-19-21,enqueued,
easyread-text-15-9,15,text-15-9,success,
easyread-text-13-23,13,text-13-23,enqueued,
easyread-text-10-4,10,text-10-4,enqueued,
easyread-text-30-6,30,text-30-6,enqueued,
easyread-text-26-10,26,text-26-10,enqueued,
easyread-text-28-3,28,text-28-3,enqueued,
easyread-text-20-11,20,text-20-11,enqueued,
easyread-text-11-12,11,text-11-12,enqueued,
easyread-text-27-7,27,text-27-7,enqueued,
easyread-text-19-22,19,text-19-22,enqueued,
easyread-text-13-24,13,text-13-24,enqueued,
easyread-text-10-5,10,text-10-5,enqueued,
easyread-text-30-6,30,text-30-6,enqueued,
easyread-text-26-10,26,text-26-10,enqueued,
easyread-text-20-11,20,text-20-11,enqueued,
easyread-text-28-4,28,text-28-4,enqueued,
easyread-text-11-13,11,text-11-13,enqueued,
easyread-text-19-22,19,text-19-22,enqueued,
easyread-text-27-8,27,text-27-8,enqueued,
easyread-text-13-24,13,text-13-24,enqueued,
easyread-text-10-5,10,text-10-5,enqueued,
easyread-text-30-7,30,text-30-7,enqueued,
easyread-text-26-11,26,text-26-11,enqueued,
easyread-text-28-4,28,text-28-4,enqueued,
easyread-text-11-13,11,text-11-13,enqueued,
easyread-text-20-12,20,text-20-12,enqueued,
easyread-text-27-8,27,text-27-8,enqueued,
easyread-text-19-23,19,text-19-23,enqueued,
easyread-text-13-25,13,text-13-25,enqueued,
easyread-text-15-10,15,text-15-10,success,
easyread-text-10-6,10,text-10-6,enqueued,
easyread-text-30-7,30,text-30-7,enqueued,
easyread-text-26-11,26,text-26-11,enqueued,
easyread-text-20-12,20,text-20-12,enqueued,
easyread-text-28-5,28,text-28-5,enqueued,
easyread-text-15-12,15,text-15-12,success,
easyread-text-11-14,11,text-11-14,enqueued,
easyread-text-19-23,19,text-19-23,enqueued,
easyread-text-27-9,27,text-27-9,enqueued,
easyread-text-13-25,13,text-13-25,enqueued,
easyread-text-15-11,15,text-15-11,success,
easyread-text-10-6,10,text-10-6,enqueued,
easyread-text-30-8,30,text-30-8,enqueued,
easyread-text-26-12,26,text-26-12,enqueued,
easyread-text-28-5,28,text-28-5,enqueued,
easyread-text-20-13,20,text-20-13,enqueued,
easyread-text-11-14,11,text-11-14,enqueued,
easyread-text-27-9,27,text-27-9,enqueued,
easyread-text-19-24,19,text-19-24,enqueued,
easyread-text-15-9,15,text-15-9,success,
easyread-text-13-26,13,text-13-26,enqueued,
easyread-text-30-8,30,text-30-8,enqueued,
easyread-text-10-7,10,text-10-7,enqueued,
easyread-text-26-12,26,text-26-12,enqueued,
easyread-text-15-13,15,text-15-13,success,
easyread-text-20-13,20,text-20-13,enqueued,
easyread-text-28-6,28,text-28-6,enqueued,
easyread-text-19-24,19,text-19-24,enqueued,
easyread-text-11-15,11,text-11-15,enqueued,
easyread-text-13-26,13,text-13-26,enqueued,
easyread-text-27-10,27,text-27-10,enqueued,
easyread-text-30-9,30,text-30-9,enqueued,
easyread-text-10-7,10,text-10-7,enqueued,
easyread-text-26-13,26,text-26-13,enqueued,
easyread-text-28-6,28,text-28-6,enqueued,
easyread-text-20-14,20,text-20-14,enqueued,
easyread-text-11-15,11,text-11-15,enqueued,
easyread-text-19-25,19,text-19-25,enqueued,
easyread-text-13-27,13,text-13-27,enqueued,
easyread-text-27-10,27,text-27-10,enqueued,
easyread-text-30-9,30,text-30-9,enqueued,
easyread-text-26-13,26,text-26-13,enqueued,
easyread-text-10-8,10,text-10-8,enqueued,
easyread-text-20-14,20,text-20-14,enqueued,
easyread-text-28-7,28,text-28-7,enqueued,
easyread-text-19-25,19,text-19-25,enqueued,
easyread-text-11-16,11,text-11-16,enqueued,
easyread-text-13-27,13,text-13-27,enqueued,
easyread-text-27-11,27,text-27-11,enqueued,
easyread-text-30-10,30,text-30-10,enqueued,
easyread-text-10-8,10,text-10-8,enqueued,
easyread-text-26-14,26,text-26-14,enqueued,
easyread-text-28-7,28,text-28-7,enqueued,
easyread-text-20-15,20,text-20-15,enqueued,
easyread-text-15-14,15,text-15-14,success,
easyread-text-15-11,15,text-15-11,success,
easyread-text-11-16,11,text-11-16,enqueued,
easyread-text-27-11,27,text-27-11,enqueued,
easyread-text-13-28,13,text-13-28,enqueued,
easyread-text-15-10,15,text-15-10,success,
easyread-text-30-10,30,text-30-10,enqueued,
easyread-text-15-18,15,text-15-18,success,
easyread-text-10-9,10,text-10-9,enqueued,
easyread-text-26-14,26,text-26-14,enqueued,
easyread-text-28-8,28,text-28-8,enqueued,
easyread-text-15-12,15,text-15-12,success,
easyread-text-20-15,20,text-20-15,enqueued,
easyread-text-11-17,11,text-11-17,enqueued,
easyread-text-13-28,13,text-13-28,enqueued,
easyread-text-15-13,15,text-15-13,success,
easyread-text-27-12,27,text-27-12,enqueued,
easyread-text-30-11,30,text-30-11,enqueued,
easyread-text-10-9,10,text-10-9,enqueued,
easyread-text-28-8,28,text-28-8,enqueued,
easyread-text-26-15,26,text-26-15,enqueued,
easyread-text-11-17,11,text-11-17,enqueued,
easyread-text-20-16,20,text-20-16,enqueued,
easyread-text-15-15,15,text-15-15,success,
easyread-text-27-12,27,text-27-12,enqueued,
easyread-text-15-17,15,text-15-17,success,
easyread-text-30-11,30,text-30-11,enqueued,
easyread-text-10-10,10,text-10-10,enqueued,
easyread-text-15-18,15,text-15-18,success,
easyread-text-26-15,26,text-26-15,enqueued,
easyread-text-28-9,28,text-28-9,enqueued,
easyread-text-20-16,20,text-20-16,enqueued,
easyread-text-11-18,11,text-11-18,enqueued,
easyread-text-27-13,27,text-27-13,enqueued,
easyread-text-30-12,30,text-30-12,enqueued,
easyread-text-10-10,10,text-10-10,enqueued,
easyread-text-26-16,26,text-26-16,enqueued,
easyread-text-28-9,28,text-28-9,enqueued,
easyread-text-11-18,11,text-11-18,enqueued,
easyread-text-20-17,20,text-20-17,enqueued,
easyread-text-27-13,27,text-27-13,enqueued,
easyread-text-30-12,30,text-30-12,enqueued,
easyread-text-26-16,26,text-26-16,enqueued,
easyread-text-10-11,10,text-10-11,enqueued,
easyread-text-28-10,28,text-28-10,enqueued,
easyread-text-20-17,20,text-20-17,enqueued,
easyread-text-11-19,11,text-11-19,enqueued,
easyread-text-27-14,27,text-27-14,enqueued,
easyread-text-30-13,30,text-30-13,enqueued,
easyread-text-26-17,26,text-26-17,enqueued,
easyread-text-15-16,15,text-15-16,success,
easyread-text-10-11,10,text-10-11,enqueued,
easyread-text-28-10,28,text-28-10,enqueued,
easyread-text-20-18,20,text-20-18,enqueued,
easyread-text-11-19,11,text-11-19,enqueued,
easyread-text-27-14,27,text-27-14,enqueued,
easyread-text-30-13,30,text-30-13,enqueued,
easyread-text-26-17,26,text-26-17,enqueued,
easyread-text-10-12,10,text-10-12,enqueued,
easyread-text-20-18,20,text-20-18,enqueued,
easyread-text-28-11,28,text-28-11,enqueued,
easyread-text-11-20,11,text-11-20,enqueued,
easyread-text-27-15,27,text-27-15,enqueued,
easyread-text-10-12,10,text-10-12,enqueued,
easyread-text-30-14,30,text-30-14,enqueued,
easyread-text-26-18,26,text-26-18,enqueued,
easyread-text-28-11,28,text-28-11,enqueued,
easyread-text-11-20,11,text-11-20,enqueued,
easyread-text-20-19,20,text-20-19,enqueued,
easyread-text-27-15,27,text-27-15,enqueued,
easyread-text-30-14,30,text-30-14,enqueued,
easyread-text-10-13,10,text-10-13,enqueued,
easyread-text-26-18,26,text-26-18,enqueued,
easyread-text-28-12,28,text-28-12,enqueued,
easyread-text-20-19,20,text-20-19,enqueued,
easyread-text-11-21,11,text-11-21,enqueued,
easyread-text-27-16,27,text-27-16,enqueued,
easyread-text-10-13,10,text-10-13,enqueued,
easyread-text-30-15,30,text-30-15,enqueued,
easyread-text-28-12,28,text-28-12,enqueued,
easyread-text-26-19,26,text-26-19,enqueued,
easyread-text-11-21,11,text-11-21,enqueued,
easyread-text-20-20,20,text-20-20,enqueued,
easyread-text-27-16,27,text-27-16,enqueued,
easyread-text-10-14,10,text-10-14,enqueued,
easyread-text-30-15,30,text-30-15,enqueued,
easyread-text-26-19,26,text-26-19,enqueued,
easyread-text-28-13,28,text-28-13,enqueued,
easyread-text-20-20,20,text-20-20,enqueued,
easyread-text-11-22,11,text-11-22,enqueued,
easyread-text-10-14,10,text-10-14,enqueued,
easyread-text-27-17,27,text-27-17,enqueued,
easyread-text-28-13,28,text-28-13,enqueued,
easyread-text-30-16,30,text-30-16,enqueued,
easyread-text-26-20,26,text-26-20,enqueued,
easyread-text-11-22,11,text-11-22,enqueued,
easyread-text-20-21,20,text-20-21,enqueued,
easyread-text-27-17,27,text-27-17,enqueued,
easyread-text-10-15,10,text-10-15,enqueued,
easyread-text-28-14,28,text-28-14,enqueued,
easyread-text-30-16,30,text-30-16,enqueued,
easyread-text-26-20,26,text-26-20,enqueued,
easyread-text-20-21,20,text-20-21,enqueued,
easyread-text-11-23,11,text-11-23,enqueued,
easyread-text-10-15,10,text-10-15,enqueued,
easyread-text-15-14,15,text-15-14,success,
easyread-text-28-14,28,text-28-14,enqueued,
easyread-text-15-17,15,text-15-17,success,
easyread-text-27-18,27,text-27-18,enqueued,
easyread-text-15-16,15,text-15-16,success,
easyread-text-11-23,11,text-11-23,enqueued,
easyread-text-30-17,30,text-30-17,enqueued,
easyread-text-26-21,26,text-26-21,enqueued,
easyread-text-15-21,15,text-15-21,success,
easyread-text-10-16,10,text-10-16,enqueued,
easyread-text-28-15,28,text-28-15,enqueued,
easyread-text-27-18,27,text-27-18,enqueued,
easyread-text-30-17,30,text-30-17,enqueued,
easyread-text-11-24,11,text-11-24,enqueued,
easyread-text-26-21,26,text-26-21,enqueued,
easyread-text-10-16,10,text-10-16,enqueued,
easyread-text-28-15,28,text-28-15,enqueued,
easyread-text-11-24,11,text-11-24,enqueued,
easyread-text-27-19,27,text-27-19,enqueued,
easyread-text-15-20,15,text-15-20,success,
easyread-text-30-18,30,text-30-18,enqueued,
easyread-text-27-19,27,text-27-19,enqueued,
easyread-text-26-22,26,text-26-22,enqueued,
easyread-text-15-15,15,text-15-15,success,
easyread-text-30-18,30,text-30-18,enqueued,
easyread-text-22-1,22,text-22-1,success,
easyread-text-15-19,15,text-15-19,success,
easyread-text-26-22,26,text-26-22,enqueued,
easyread-text-10-17,10,text-10-17,enqueued,
easyread-text-28-16,28,text-28-16,enqueued,
easyread-text-11-25,11,text-11-25,enqueued,
easyread-text-27-20,27,text-27-20,enqueued,
easyread-text-30-19,30,text-30-19,enqueued,
easyread-text-10-17,10,text-10-17,enqueued,
easyread-text-28-16,28,text-28-16,enqueued,
easyread-text-11-25,11,text-11-25,enqueued,
easyread-text-27-20,27,text-27-20,enqueued,
easyread-text-30-19,30,text-30-19,enqueued,
easyread-text-10-18,10,text-10-18,enqueued,
easyread-text-15-19,15,text-15-19,success,
easyread-text-15-21,15,text-15-21,success,
easyread-text-28-17,28,text-28-17,enqueued,
easyread-text-11-26,11,text-11-26,enqueued,
easyread-text-27-21,27,text-27-21,enqueued,
easyread-text-10-18,10,text-10-18,enqueued,
easyread-text-30-20,30,text-30-20,enqueued,
easyread-text-28-17,28,text-28-17,enqueued,
easyread-text-11-26,11,text-11-26,enqueued,
easyread-text-27-21,27,text-27-21,enqueued,
easyread-text-30-20,30,text-30-20,enqueued,
easyread-text-10-19,10,text-10-19,enqueued,
easyread-text-28-18,28,text-28-18,enqueued,
easyread-text-11-27,11,text-11-27,enqueued,
easyread-text-27-22,27,text-27-22,enqueued,
easyread-text-10-19,10,text-10-19,enqueued,
easyread-text-30-21,30,text-30-21,enqueued,
easyread-text-28-18,28,text-28-18,enqueued,
easyread-text-11-27,11,text-11-27,enqueued,
easyread-text-27-22,27,text-27-22,enqueued,
easyread-text-10-20,10,text-10-20,enqueued,
easyread-text-30-21,30,text-30-21,enqueued,
easyread-text-28-19,28,text-28-19,enqueued,
easyread-text-11-28,11,text-11-28,enqueued,
easyread-text-10-20,10,text-10-20,enqueued,
easyread-text-27-23,27,text-27-23,enqueued,
easyread-text-30-22,30,text-30-22,enqueued,
easyread-text-28-19,28,text-28-19,enqueued,
easyread-text-11-28,11,text-11-28,enqueued,
easyread-text-10-21,10,text-10-21,enqueued,
easyread-text-27-23,27,text-27-23,enqueued,
easyread-text-30-22,30,text-30-22,enqueued,
easyread-text-28-20,28,text-28-20,enqueued,
easyread-text-11-29,11,text-11-29,enqueued,
easyread-text-10-21,10,text-10-21,enqueued,
easyread-text-27-24,27,text-27-24,enqueued,
easyread-text-30-23,30,text-30-23,enqueued,
easyread-text-28-20,28,text-28-20,enqueued,
easyread-text-11-29,11,text-11-29,enqueued,
easyread-text-27-24,27,text-27-24,enqueued,
easyread-text-10-22,10,text-10-22,enqueued,
easyread-text-30-23,30,text-30-23,enqueued,
easyread-text-28-21,28,text-28-21,enqueued,
easyread-text-10-22,10,text-10-22,enqueued,
easyread-text-27-25,27,text-27-25,enqueued,
easyread-text-30-24,30,text-30-24,enqueued,
easyread-text-22-3,22,text-22-3,success,
easyread-text-28-21,28,text-28-21,enqueued,
easyread-text-22-1,22,text-22-1,success,
easyread-text-22-0,22,text-22-0,success,
easyread-text-10-23,10,text-10-23,enqueued,
easyread-text-27-25,27,text-27-25,enqueued,
easyread-text-30-24,30,text-30-24,enqueued,
easyread-text-28-22,28,text-28-22,enqueued,
easyread-text-22-4,22,text-22-4,success,
easyread-text-10-23,10,text-10-23,enqueued,
easyread-text-27-26,27,text-27-26,enqueued,
easyread-text-28-22,28,text-28-22,enqueued,
easyread-text-10-24,10,text-10-24,enqueued,
easyread-text-27-26,27,text-27-26,enqueued,
easyread-text-28-23,28,text-28-23,enqueued,
easyread-text-10-24,10,text-10-24,enqueued,
easyread-text-27-27,27,text-27-27,enqueued,
easyread-text-22-2,22,text-22-2,success,
easyread-text-28-23,28,text-28-23,enqueued,
easyread-text-27-27,27,text-27-27,enqueued,
easyread-text-10-25,10,text-10-25,enqueued,
easyread-text-10-25,10,text-10-25,enqueued,
easyread-text-28-24,28,text-28-24,enqueued,
easyread-text-27-28,27,text-27-28,enqueued,
easyread-text-10-26,10,text-10-26,enqueued,
easyread-text-28-24,28,text-28-24,enqueued,
easyread-text-22-0,22,text-22-0,success,
easyread-text-27-28,27,text-27-28,enqueued,
easyread-text-22-2,22,text-22-2,success,
easyread-text-10-26,10,text-10-26,enqueued,
easyread-text-28-25,28,text-28-25,enqueued,
easyread-text-10-27,10,text-10-27,enqueued,
easyread-text-28-25,28,text-28-25,enqueued,
easyread-text-10-27,10,text-10-27,enqueued,
easyread-text-28-26,28,text-28-26,enqueued,
easyread-text-10-28,10,text-10-28,enqueued,
easyread-text-28-26,28,text-28-26,enqueued,
easyread-text-10-28,10,text-10-28,enqueued,
easyread-text-22-4,22,text-22-4,success,
easyread-text-28-27,28,text-28-27,enqueued,
easyread-text-28-27,28,text-28-27,enqueued,
easyread-text-10-29,10,text-10-29,enqueued,
easyread-text-10-29,10,text-10-29,enqueued,
easyread-text-28-28,28,text-28-28,enqueued,
easyread-text-28-28,28,text-28-28,enqueued,
easyread-text-22-3,22,text-22-3,success,
easyread-text-22-5,22,text-22-5,success,
easyread-text-22-5,22,text-22-5,success,
easyread-text-22-10,22,text-22-10,success,
easyread-text-22-12,22,text-22-12,success,
easyread-text-22-8,22,text-22-8,success,
easyread-text-22-13,22,text-22-13,success,
easyread-text-22-11,22,text-22-11,success,
easyread-text-22-10,22,text-22-10,success,
easyread-text-22-13,22,text-22-13,success,
easyread-text-22-8,22,text-22-8,success,
easyread-text-14-1,14,text-14-1,success,
easyread-text-22-7,22,text-22-7,success,
easyread-text-22-7,22,text-22-7,success,
easyread-text-22-11,22,text-22-11,success,
easyread-text-22-12,22,text-22-12,success,
easyread-text-22-14,22,text-22-14,success,
easyread-text-22-6,22,text-22-6,success,
easyread-text-22-9,22,text-22-9,success,
easyread-text-14-2,14,text-14-2,success,
easyread-text-14-4,14,text-14-4,success,
easyread-text-14-3,14,text-14-3,success,
easyread-text-14-5,14,text-14-5,success,
easyread-text-14-2,14,text-14-2,success,
easyread-text-14-1,14,text-14-1,success,
easyread-text-22-9,22,text-22-9,success,
easyread-text-14-3,14,text-14-3,success,
easyread-text-14-6,14,text-14-6,success,
easyread-text-14-0,14,text-14-0,success,
easyread-text-14-7,14,text-14-7,success,
easyread-text-14-5,14,text-14-5,success,
easyread-text-14-4,14,text-14-4,success,
easyread-text-14-10,14,text-14-10,success,
easyread-text-22-14,22,text-22-14,success,
easyread-text-14-11,14,text-14-11,success,
easyread-text-14-6,14,text-14-6,success,
easyread-text-14-10,14,text-14-10,success,
easyread-text-14-8,14,text-14-8,success,
easyread-text-14-9,14,text-14-9,success,
easyread-text-14-12,14,text-14-12,success,
easyread-text-14-11,14,text-14-11,success,
easyread-text-14-12,14,text-14-12,success,
easyread-text-14-14,14,text-14-14,success,
easyread-text-14-13,14,text-14-13,success,
easyread-text-14-15,14,text-14-15,success,
easyread-text-14-9,14,text-14-9,success,
easyread-text-22-6,22,text-22-6,success,
easyread-text-14-7,14,text-14-7,success,
easyread-text-14-16,14,text-14-16,success,
easyread-text-14-14,14,text-14-14,success,
easyread-text-14-13,14,text-14-13,success,
easyread-text-14-8,14,text-14-8,success,
easyread-text-15-20,15,text-15-20,success,
easyread-text-17-1,17,text-17-1,success,
easyread-text-24-0,24,text-24-0,enqueued,
easyread-text-24-0,24,text-24-0,enqueued,
easyread-text-24-1,24,text-24-1,enqueued,
easyread-text-24-1,24,text-24-1,enqueued,
easyread-text-24-2,24,text-24-2,enqueued,
easyread-text-24-2,24,text-24-2,enqueued,
easyread-text-24-3,24,text-24-3,enqueued,
easyread-text-24-3,24,text-24-3,enqueued,
easyread-text-14-17,14,text-14-17,success,
easyread-text-24-4,24,text-24-4,enqueued,
easyread-text-17-1,17,text-17-1,success,
easyread-text-24-4,24,text-24-4,enqueued,
easyread-text-17-0,17,text-17-0,success,
easyread-text-24-5,24,text-24-5,enqueued,
easyread-text-24-5,24,text-24-5,enqueued,
easyread-text-14-17,14,text-14-17,success,
easyread-text-24-6,24,text-24-6,enqueued,
easyread-text-24-6,24,text-24-6,enqueued,
easyread-text-24-7,24,text-24-7,enqueued,
easyread-text-24-7,24,text-24-7,enqueued,
easyread-text-24-8,24,text-24-8,enqueued,
easyread-text-24-8,24,text-24-8,enqueued,
easyread-text-24-9,24,text-24-9,enqueued,
easyread-text-24-9,24,text-24-9,enqueued,
easyread-text-24-10,24,text-24-10,enqueued,
easyread-text-24-10,24,text-24-10,enqueued,
easyread-text-24-11,24,text-24-11,enqueued,
easyread-text-24-11,24,text-24-11,enqueued,
easyread-text-24-12,24,text-24-12,enqueued,
easyread-text-24-12,24,text-24-12,enqueued,
easyread-text-24-13,24,text-24-13,enqueued,
easyread-text-24-13,24,text-24-13,enqueued,
easyread-text-24-14,24,text-24-14,enqueued,
easyread-text-24-14,24,text-24-14,enqueued,
easyread-text-24-15,24,text-24-15,enqueued,
easyread-text-24-15,24,text-24-15,enqueued,
easyread-text-24-16,24,text-24-16,enqueued,
easyread-text-24-16,24,text-24-16,enqueued,
easyread-text-24-17,24,text-24-17,enqueued,
easyread-text-24-17,24,text-24-17,enqueued,
easyread-text-24-18,24,text-24-18,enqueued,
easyread-text-29-0,29,text-29-0,enqueued,
easyread-text-24-18,24,text-24-18,enqueued,
easyread-text-29-0,29,text-29-0,enqueued,
easyread-text-24-19,24,text-24-19,enqueued,
easyread-text-29-1,29,text-29-1,enqueued,
easyread-text-24-19,24,text-24-19,enqueued,
easyread-text-29-1,29,text-29-1,enqueued,
easyread-text-24-20,24,text-24-20,enqueued,
easyread-text-29-2,29,text-29-2,enqueued,
easyread-text-24-20,24,text-24-20,enqueued,
easyread-text-29-2,29,text-29-2,enqueued,
easyread-text-24-21,24,text-24-21,enqueued,
easyread-text-24-21,24,text-24-21,enqueued,
easyread-text-29-3,29,text-29-3,enqueued,
easyread-text-29-3,29,text-29-3,enqueued,
easyread-text-24-22,24,text-24-22,enqueued,
easyread-text-24-22,24,text-24-22,enqueued,
easyread-text-29-4,29,text-29-4,enqueued,
easyread-text-24-23,24,text-24-23,enqueued,
easyread-text-29-4,29,text-29-4,enqueued,
easyread-text-24-23,24,text-24-23,enqueued,
easyread-text-29-5,29,text-29-5,enqueued,
easyread-text-24-24,24,text-24-24,enqueued,
easyread-text-29-5,29,text-29-5,enqueued,
easyread-text-24-24,24,text-24-24,enqueued,
easyread-text-29-6,29,text-29-6,enqueued,
easyread-text-16-0,16,text-16-0,success,
easyread-text-14-16,14,text-14-16,success,
easyread-text-29-6,29,text-29-6,enqueued,
easyread-text-24-25,24,text-24-25,enqueued,
easyread-text-24-25,24,text-24-25,enqueued,
easyread-text-17-3,17,text-17-3,success,
easyread-text-29-7,29,text-29-7,enqueued,
easyread-text-24-26,24,text-24-26,enqueued,
easyread-text-16-0,16,text-16-0,success,
easyread-text-29-7,29,text-29-7,enqueued,
easyread-text-24-26,24,text-24-26,enqueued,
easyread-text-14-18,14,text-14-18,success,
easyread-text-29-8,29,text-29-8,enqueued,
easyread-text-24-27,24,text-24-27,enqueued,
easyread-text-29-8,29,text-29-8,enqueued,
easyread-text-24-27,24,text-24-27,enqueued,
easyread-text-29-9,29,text-29-9,enqueued,
easyread-text-24-28,24,text-24-28,enqueued,
easyread-text-29-9,29,text-29-9,enqueued,
easyread-text-24-28,24,text-24-28,enqueued,
easyread-text-14-19,14,text-14-19,success,
easyread-text-29-10,29,text-29-10,enqueued,
easyread-text-24-29,24,text-24-29,enqueued,
easyread-text-29-10,29,text-29-10,enqueued,
easyread-text-24-29,24,text-24-29,enqueued,
easyread-text-29-11,29,text-29-11,enqueued,
easyread-text-24-30,24,text-24-30,enqueued,
easyread-text-29-11,29,text-29-11,enqueued,
easyread-text-24-30,24,text-24-30,enqueued,
easyread-text-29-12,29,text-29-12,enqueued,
easyread-text-24-31,24,text-24-31,enqueued,
easyread-text-29-12,29,text-29-12,enqueued,
easyread-text-24-31,24,text-24-31,enqueued,
easyread-text-29-13,29,text-29-13,enqueued,
easyread-text-29-13,29,text-29-13,enqueued,
easyread-text-24-32,24,text-24-32,enqueued,
easyread-text-14-19,14,text-14-19,success,
easyread-text-24-32,24,text-24-32,enqueued,
easyread-text-29-14,29,text-29-14,enqueued,
easyread-text-24-33,24,text-24-33,enqueued,
easyread-text-29-14,29,text-29-14,enqueued,
easyread-text-24-33,24,text-24-33,enqueued,
easyread-text-29-15,29,text-29-15,enqueued,
easyread-text-29-15,29,text-29-15,enqueued,
easyread-text-24-34,24,text-24-34,enqueued,
easyread-text-29-16,29,text-29-16,enqueued,
easyread-text-24-34,24,text-24-34,enqueued,
easyread-text-29-16,29,text-29-16,enqueued,
easyread-text-24-35,24,text-24-35,enqueued,
easyread-text-29-17,29,text-29-17,enqueued,
easyread-text-24-35,24,text-24-35,enqueued,
easyread-text-29-17,29,text-29-17,enqueued,
easyread-text-24-36,24,text-24-36,enqueued,
easyread-text-29-18,29,text-29-18,enqueued,
easyread-text-24-36,24,text-24-36,enqueued,
easyread-text-29-18,29,text-29-18,enqueued,
easyread-text-24-37,24,text-24-37,enqueued,
easyread-text-29-19,29,text-29-19,enqueued,
easyread-text-24-37,24,text-24-37,enqueued,
easyread-text-29-19,29,text-29-19,enqueued,
easyread-text-24-38,24,text-24-38,enqueued,
easyread-text-24-38,24,text-24-38,enqueued,
easyread-text-29-20,29,text-29-20,enqueued,
easyread-text-29-20,29,text-29-20,enqueued,
easyread-text-24-39,24,text-24-39,enqueued,
easyread-text-24-39,24,text-24-39,enqueued,
easyread-text-29-21,29,text-29-21,enqueued,
easyread-text-29-21,29,text-29-21,enqueued,
easyread-text-24-40,24,text-24-40,enqueued,
easyread-text-29-22,29,text-29-22,enqueued,
easyread-text-24-40,24,text-24-40,enqueued,
easyread-text-29-22,29,text-29-22,enqueued,
easyread-text-24-41,24,text-24-41,enqueued,
easyread-text-29-23,29,text-29-23,enqueued,
easyread-text-24-41,24,text-24-41,enqueued,
easyread-text-29-23,29,text-29-23,enqueued,
easyread-text-24-42,24,text-24-42,enqueued,
easyread-text-29-24,29,text-29-24,enqueued,
easyread-text-24-42,24,text-24-42,enqueued,
easyread-text-29-24,29,text-29-24,enqueued,
easyread-text-24-43,24,text-24-43,enqueued,
easyread-text-29-25,29,text-29-25,enqueued,
easyread-text-24-43,24,text-24-43,enqueued,
easyread-text-29-25,29,text-29-25,enqueued,
easyread-text-24-44,24,text-24-44,enqueued,
easyread-text-24-44,24,text-24-44,enqueued,
easyread-text-29-26,29,text-29-26,enqueued,
easyread-text-29-26,29,text-29-26,enqueued,
easyread-text-24-45,24,text-24-45,enqueued,
easyread-text-24-45,24,text-24-45,enqueued,
easyread-text-29-27,29,text-29-27,enqueued,
easyread-text-14-15,14,text-14-15,success,
easyread-text-14-20,14,text-14-20,success,
easyread-text-29-27,29,text-29-27,enqueued,
easyread-text-24-46,24,text-24-46,enqueued,
easyread-text-17-3,17,text-17-3,success,
easyread-text-17-4,17,text-17-4,success,
easyread-text-29-28,29,text-29-28,enqueued,
easyread-text-14-21,14,text-14-21,success,
easyread-text-24-46,24,text-24-46,enqueued,
easyread-text-17-2,17,text-17-2,success,
easyread-text-17-4,17,text-17-4,success,
easyread-text-29-28,29,text-29-28,enqueued,
easyread-text-24-47,24,text-24-47,enqueued,
easyread-text-16-2,16,text-16-2,success,
easyread-text-29-29,29,text-29-29,enqueued,
easyread-text-24-47,24,text-24-47,enqueued,
easyread-text-29-29,29,text-29-29,enqueued,
easyread-text-16-1,16,text-16-1,success,
easyread-text-24-48,24,text-24-48,enqueued,
easyread-text-29-30,29,text-29-30,enqueued,
easyread-text-24-48,24,text-24-48,enqueued,
easyread-text-29-30,29,text-29-30,enqueued,
easyread-text-29-31,29,text-29-31,enqueued,
easyread-text-29-31,29,text-29-31,enqueued,
easyread-text-29-32,29,text-29-32,enqueued,
easyread-text-29-32,29,text-29-32,enqueued,
easyread-text-29-33,29,text-29-33,enqueued,
easyread-text-29-33,29,text-29-33,enqueued,
easyread-text-14-18,14,text-14-18,success,
easyread-text-29-34,29,text-29-34,enqueued,
easyread-text-17-5,17,text-17-5,success,
easyread-text-29-34,29,text-29-34,enqueued,
easyread-text-17-2,17,text-17-2,success,
easyread-text-29-35,29,text-29-35,enqueued,
easyread-text-29-35,29,text-29-35,enqueued,
easyread-text-29-36,29,text-29-36,enqueued,
easyread-text-29-36,29,text-29-36,enqueued,
easyread-text-29-37,29,text-29-37,enqueued,
easyread-text-29-37,29,text-29-37,enqueued,
easyread-text-29-38,29,text-29-38,enqueued,
easyread-text-29-38,29,text-29-38,enqueued,
easyread-text-29-39,29,text-29-39,enqueued,
easyread-text-29-39,29,text-29-39,enqueued,
easyread-text-29-40,29,text-29-40,enqueued,
easyread-text-29-40,29,text-29-40,enqueued,
easyread-text-17-0,17,text-17-0,success,
easyread-text-29-41,29,text-29-41,enqueued,
easyread-text-29-41,29,text-29-41,enqueued,
easyread-text-16-1,16,text-16-1,success,
easyread-text-29-42,29,text-29-42,enqueued,
easyread-text-29-42,29,text-29-42,enqueued,
easyread-text-16-3,16,text-16-3,success,
easyread-text-29-43,29,text-29-43,enqueued,
easyread-text-29-43,29,text-29-43,enqueued,
easyread-text-29-44,29,text-29-44,enqueued,
easyread-text-29-44,29,text-29-44,enqueued,
easyread-text-29-45,29,text-29-45,enqueued,
easyread-text-29-45,29,text-29-45,enqueued,
easyread-text-16-2,16,text-16-2,success,
easyread-text-14-21,14,text-14-21,success,
easyread-text-29-46,29,text-29-46,enqueued,
easyread-text-29-46,29,text-29-46,enqueued,
easyread-text-29-47,29,text-29-47,enqueued,
easyread-text-29-47,29,text-29-47,enqueued,
easyread-text-16-3,16,text-16-3,success,
easyread-text-29-48,29,text-29-48,enqueued,
easyread-text-29-48,29,text-29-48,enqueued,
easyread-text-29-49,29,text-29-49,enqueued,
easyread-text-29-49,29,text-29-49,enqueued,
easyread-text-29-50,29,text-29-50,enqueued,
easyread-text-29-50,29,text-29-50,enqueued,
easyread-text-29-51,29,text-29-51,enqueued,
easyread-text-29-51,29,text-29-51,enqueued,
easyread-text-29-52,29,text-29-52,enqueued,
easyread-text-29-52,29,text-29-52,enqueued,
easyread-text-29-53,29,text-29-53,enqueued,
easyread-text-29-53,29,text-29-53,enqueued,
easyread-text-29-54,29,text-29-54,enqueued,
easyread-text-29-54,29,text-29-54,enqueued,
easyread-text-29-55,29,text-29-55,enqueued,
easyread-text-29-55,29,text-29-55,enqueued,
easyread-text-29-56,29,text-29-56,enqueued,
easyread-text-29-56,29,text-29-56,enqueued,
easyread-text-29-57,29,text-29-57,enqueued,
easyread-text-29-57,29,text-29-57,enqueued,
easyread-text-14-0,14,text-14-0,success,
easyread-text-17-5,17,text-17-5,success,
easyread-text-14-23,14,text-14-23,success,
easyread-text-14-22,14,text-14-22,success,
easyread-text-14-20,14,text-14-20,success,
easyread-text-14-22,14,text-14-22,success,
easyread-text-16-4,16,text-16-4,success,
easyread-text-16-4,16,text-16-4,success,
easyread-text-17-6,17,text-17-6,success,
easyread-text-14-23,14,text-14-23,success,
easyread-text-17-7,17,text-17-7,success,
easyread-text-17-8,17,text-17-8,success,
easyread-text-17-6,17,text-17-6,success,
easyread-text-17-8,17,text-17-8,success,
easyread-text-17-7,17,text-17-7,success,
easyread-text-14-24,14,text-14-24,success,
easyread-text-14-24,14,text-14-24,success,
easyread-text-16-5,16,text-16-5,success,
easyread-text-16-5,16,text-16-5,success,
easyread-text-14-25,14,text-14-25,success,
easyread-text-16-6,16,text-16-6,success,
easyread-text-17-9,17,text-17-9,success,
easyread-text-17-9,17,text-17-9,success,
easyread-text-12-0,12,text-12-0,success,
easyread-text-14-25,14,text-14-25,success,
easyread-text-17-10,17,text-17-10,success,
easyread-text-14-27,14,text-14-27,success,
easyread-text-14-26,14,text-14-26,success,
easyread-text-16-7,16,text-16-7,success,
easyread-text-12-0,12,text-12-0,success,
easyread-text-16-7,16,text-16-7,success,
easyread-text-16-8,16,text-16-8,success,
easyread-text-17-10,17,text-17-10,success,
easyread-text-14-26,14,text-14-26,success,
easyread-text-12-1,12,text-12-1,success,
easyread-text-17-11,17,text-17-11,success,
easyread-text-12-2,12,text-12-2,success,
easyread-text-12-3,12,text-12-3,success,
easyread-text-16-9,16,text-16-9,success,
easyread-text-17-11,17,text-17-11,success,
easyread-text-12-1,12,text-12-1,success,
easyread-text-16-9,16,text-16-9,success,
easyread-text-16-8,16,text-16-8,success,
easyread-text-12-2,12,text-12-2,success,
easyread-text-14-28,14,text-14-28,success,
easyread-text-17-12,17,text-17-12,success,
easyread-text-17-13,17,text-17-13,success,
easyread-text-17-13,17,text-17-13,success,
easyread-text-17-14,17,text-17-14,success,
easyread-text-17-14,17,text-17-14,success,
easyread-text-16-10,16,text-16-10,success,
easyread-text-16-10,16,text-16-10,success,
easyread-text-16-11,16,text-16-11,success,
easyread-text-14-28,14,text-14-28,success,
easyread-text-12-4,12,text-12-4,success,
easyread-text-16-6,16,text-16-6,success,
easyread-text-16-12,16,text-16-12,success,
easyread-text-12-3,12,text-12-3,success,
easyread-text-16-13,16,text-16-13,success,
easyread-text-17-12,17,text-17-12,success,
easyread-text-12-5,12,text-12-5,success,
easyread-text-16-11,16,text-16-11,success,
easyread-text-16-12,16,text-16-12,success,
easyread-text-12-8,12,text-12-8,success,
easyread-text-12-4,12,text-12-4,success,
easyread-text-12-7,12,text-12-7,success,
easyread-text-14-27,14,text-14-27,success,
easyread-text-12-6,12,text-12-6,success,
easyread-text-17-16,17,text-17-16,success,
easyread-text-17-15,17,text-17-15,success,
easyread-text-12-5,12,text-12-5,success,
easyread-text-12-7,12,text-12-7,success,
easyread-text-17-16,17,text-17-16,success,
easyread-text-16-13,16,text-16-13,success,
easyread-text-16-14,16,text-16-14,success,
easyread-text-17-15,17,text-17-15,success,
easyread-text-16-14,16,text-16-14,success,
easyread-text-16-15,16,text-16-15,success,
easyread-text-17-17,17,text-17-17,success,
easyread-text-25-0,25,text-25-0,success,
easyread-text-12-6,12,text-12-6,success,
easyread-text-12-9,12,text-12-9,success,
easyread-text-25-0,25,text-25-0,success,
easyread-text-17-18,17,text-17-18,success,
easyread-text-25-1,25,text-25-1,success,
easyread-text-16-15,16,text-16-15,success,
easyread-text-17-18,17,text-17-18,success,
easyread-text-12-8,12,text-12-8,success,
easyread-text-12-10,12,text-12-10,success,
easyread-text-18-1,18,text-18-1,success,
easyread-text-12-10,12,text-12-10,success,
easyread-text-25-2,25,text-25-2,success,
easyread-text-12-11,12,text-12-11,success,
easyread-text-12-11,12,text-12-11,success,
easyread-text-18-0,18,text-18-0,success,
easyread-text-12-9,12,text-12-9,success,
easyread-text-18-0,18,text-18-0,success,
easyread-text-17-19,17,text-17-19,success,
easyread-text-16-16,16,text-16-16,success,
easyread-text-17-17,17,text-17-17,success,
easyread-text-17-19,17,text-17-19,success,
easyread-text-16-17,16,text-16-17,success,
easyread-text-25-3,25,text-25-3,success,
easyread-text-25-2,25,text-25-2,success,
easyread-text-16-17,16,text-16-17,success,
easyread-text-17-20,17,text-17-20,success,
easyread-text-12-12,12,text-12-12,success,
easyread-text-25-1,25,text-25-1,success,
easyread-text-25-3,25,text-25-3,success,
easyread-text-17-20,17,text-17-20,success,
easyread-text-16-16,16,text-16-16,success,
easyread-text-18-2,18,text-18-2,success,
easyread-text-12-12,12,text-12-12,success,
easyread-text-25-4,25,text-25-4,success,
easyread-text-25-4,25,text-25-4,success,
easyread-text-17-21,17,text-17-21,success,
easyread-text-12-13,12,text-12-13,success,
easyread-text-17-22,17,text-17-22,success,
easyread-text-17-21,17,text-17-21,success,
easyread-text-18-3,18,text-18-3,success,
easyread-text-25-5,25,text-25-5,success,
easyread-text-13-0,13,text-13-0,success,
easyread-text-18-1,18,text-18-1,success,
easyread-text-18-4,18,text-18-4,success,
easyread-text-18-3,18,text-18-3,success,
easyread-text-13-0,13,text-13-0,success,
easyread-text-13-1,13,text-13-1,success,
easyread-text-17-22,17,text-17-22,success,
easyread-text-18-2,18,text-18-2,success,
easyread-text-19-0,19,text-19-0,success,
easyread-text-13-1,13,text-13-1,success,
easyread-text-25-5,25,text-25-5,success,
easyread-text-17-23,17,text-17-23,success,
easyread-text-18-4,18,text-18-4,success,
easyread-text-12-14,12,text-12-14,success,
easyread-text-25-6,25,text-25-6,success,
easyread-text-13-2,13,text-13-2,success,
easyread-text-19-1,19,text-19-1,success,
easyread-text-12-15,12,text-12-15,success,
easyread-text-25-6,25,text-25-6,success,
easyread-text-23-0,23,text-23-0,success,
easyread-text-12-15,12,text-12-15,success,
easyread-text-25-7,25,text-25-7,success,
easyread-text-17-23,17,text-17-23,success,
easyread-text-12-14,12,text-12-14,success,
easyread-text-17-24,17,text-17-24,success,
easyread-text-13-2,13,text-13-2,success,
easyread-text-18-5,18,text-18-5,success,
easyread-text-17-24,17,text-17-24,success,
easyread-text-19-1,19,text-19-1,success,
easyread-text-23-0,23,text-23-0,success,
easyread-text-13-3,13,text-13-3,success,
easyread-text-13-4,13,text-13-4,success,
easyread-text-18-5,18,text-18-5,success,
easyread-text-19-2,19,text-19-2,success,
easyread-text-12-16,12,text-12-16,success,
easyread-text-19-0,19,text-19-0,success,
easyread-text-25-7,25,text-25-7,success,
easyread-text-23-1,23,text-23-1,success,
easyread-text-25-8,25,text-25-8,success,
easyread-text-13-4,13,text-13-4,success,
easyread-text-19-2,19,text-19-2,success,
easyread-text-23-1,23,text-23-1,success,
easyread-text-19-3,19,text-19-3,success,
easyread-text-18-6,18,text-18-6,success,
easyread-text-12-17,12,text-12-17,success,
easyread-text-18-6,18,text-18-6,success,
easyread-text-12-13,12,text-12-13,success,
easyread-text-17-25,17,text-17-25,success,
easyread-text-12-16,12,text-12-16,success,
easyread-text-23-2,23,text-23-2,success,
easyread-text-13-3,13,text-13-3,success,
easyread-text-18-7,18,text-18-7,success,
easyread-text-12-17,12,text-12-17,success,
easyread-text-17-26,17,text-17-26,success,
easyread-text-23-2,23,text-23-2,success,
easyread-text-13-5,13,text-13-5,success,
easyread-text-25-8,25,text-25-8,success,
easyread-text-25-9,25,text-25-9,success,
easyread-text-23-3,23,text-23-3,success,
easyread-text-17-25,17,text-17-25,success,
easyread-text-19-3,19,text-19-3,success,
easyread-text-12-18,12,text-12-18,success,
easyread-text-23-3,23,text-23-3,success,
easyread-text-19-4,19,text-19-4,success,
easyread-text-13-6,13,text-13-6,success,
easyread-text-23-4,23,text-23-4,success,
easyread-text-18-8,18,text-18-8,success,
easyread-text-25-10,25,text-25-10,success,
easyread-text-18-7,18,text-18-7,success,
easyread-text-17-27,17,text-17-27,success,
easyread-text-17-27,17,text-17-27,success,
easyread-text-13-5,13,text-13-5,success,
easyread-text-18-8,18,text-18-8,success,
easyread-text-25-9,25,text-25-9,success,
easyread-text-19-4,19,text-19-4,success,
easyread-text-25-10,25,text-25-10,success,
easyread-text-13-6,13,text-13-6,success,
easyread-text-13-7,13,text-13-7,success,
easyread-text-17-28,17,text-17-28,success,
easyread-text-19-5,19,text-19-5,success,
easyread-text-12-19,12,text-12-19,success,
easyread-text-18-9,18,text-18-9,success,
easyread-text-19-6,19,text-19-6,success,
easyread-text-23-5,23,text-23-5,success,
easyread-text-17-28,17,text-17-28,success,
easyread-text-18-9,18,text-18-9,success,
easyread-text-23-4,23,text-23-4,success,
easyread-text-19-5,19,text-19-5,success,
easyread-text-12-20,12,text-12-20,success,
easyread-text-25-11,25,text-25-11,success,
easyread-text-12-19,12,text-12-19,success,
easyread-text-13-7,13,text-13-7,success,
easyread-text-12-21,12,text-12-21,success,
easyread-text-25-11,25,text-25-11,success,
easyread-text-19-6,19,text-19-6,success,
easyread-text-23-6,23,text-23-6,success,
easyread-text-19-7,19,text-19-7,success,
easyread-text-25-12,25,text-25-12,success,
easyread-text-12-20,12,text-12-20,success,
easyread-text-18-10,18,text-18-10,success,
easyread-text-13-8,13,text-13-8,success,
easyread-text-17-29,17,text-17-29,success,
easyread-text-25-13,25,text-25-13,success,
easyread-text-25-13,25,text-25-13,success,
easyread-text-13-8,13,text-13-8,success,
easyread-text-17-29,17,text-17-29,success,
easyread-text-12-22,12,text-12-22,success,
easyread-text-23-5,23,text-23-5,success,
easyread-text-19-8,19,text-19-8,success,
easyread-text-25-12,25,text-25-12,success,
easyread-text-17-30,17,text-17-30,success,
easyread-text-18-11,18,text-18-11,success,
easyread-text-13-9,13,text-13-9,success,
easyread-text-23-7,23,text-23-7,success,
easyread-text-17-30,17,text-17-30,success,
easyread-text-13-9,13,text-13-9,success,
easyread-text-18-11,18,text-18-11,success,
easyread-text-19-9,19,text-19-9,success,
easyread-text-13-10,13,text-13-10,success,
easyread-text-19-7,19,text-19-7,success,
easyread-text-12-23,12,text-12-23,success,
easyread-text-19-8,19,text-19-8,success,
easyread-text-18-12,18,text-18-12,success,
easyread-text-12-22,12,text-12-22,success,
easyread-text-17-31,17,text-17-31,success,
easyread-text-13-10,13,text-13-10,success,
easyread-text-13-11,13,text-13-11,success,
easyread-text-12-21,12,text-12-21,success,
easyread-text-17-31,17,text-17-31,success,
easyread-text-18-13,18,text-18-13,success,
easyread-text-25-14,25,text-25-14,success,
easyread-text-18-12,18,text-18-12,success,
easyread-text-11-0,11,text-11-0,success,
easyread-text-19-10,19,text-19-10,success,
easyread-text-25-15,25,text-25-15,success,
easyread-text-25-15,25,text-25-15,success,
easyread-text-18-14,18,text-18-14,success,
easyread-text-17-26,17,text-17-26,success,
easyread-text-18-13,18,text-18-13,success,
easyread-text-13-11,13,text-13-11,success,
easyread-text-23-8,23,text-23-8,success,
easyread-text-23-7,23,text-23-7,success,
easyread-text-25-14,25,text-25-14,success,
easyread-text-13-12,13,text-13-12,success,
easyread-text-17-32,17,text-17-32,success,
easyread-text-23-8,23,text-23-8,success,
easyread-text-17-32,17,text-17-32,success,
easyread-text-12-18,12,text-12-18,success,
easyread-text-19-9,19,text-19-9,success,
easyread-text-12-23,12,text-12-23,success,
easyread-text-23-9,23,text-23-9,success,
easyread-text-11-0,11,text-11-0,success,
easyread-text-19-10,19,text-19-10,success,
easyread-text-12-24,12,text-12-24,success,
easyread-text-18-14,18,text-18-14,success,
easyread-text-23-9,23,text-23-9,success,
easyread-text-13-12,13,text-13-12,success,
easyread-text-20-0,20,text-20-0,success,
easyread-text-11-1,11,text-11-1,success,
easyread-text-25-16,25,text-25-16,success,
easyread-text-19-11,19,text-19-11,success,
easyread-text-17-33,17,text-17-33,success,
easyread-text-23-10,23,text-23-10,success,
easyread-text-13-13,13,text-13-13,success,
easyread-text-13-13,13,text-13-13,success,
easyread-text-17-33,17,text-17-33,success,
easyread-text-23-10,23,text-23-10,success,
easyread-text-12-24,12,text-12-24,success,
easyread-text-20-0,20,text-20-0,success,
easyread-text-11-2,11,text-11-2,success,
easyread-text-18-10,18,text-18-10,success,
easyread-text-25-16,25,text-25-16,success,
easyread-text-12-26,12,text-12-26,success,
easyread-text-12-25,12,text-12-25,success,
easyread-text-17-34,17,text-17-34,success,
easyread-text-23-6,23,text-23-6,success,
easyread-text-23-11,23,text-23-11,success,
easyread-text-23-11,23,text-23-11,success,
easyread-text-11-1,11,text-11-1,success,
easyread-text-25-17,25,text-25-17,success,
easyread-text-25-17,25,text-25-17,success,
easyread-text-26-0,26,text-26-0,success,
easyread-text-11-2,11,text-11-2,success,
easyread-text-13-14,13,text-13-14,success,
easyread-text-18-15,18,text-18-15,success,
easyread-text-25-18,25,text-25-18,success,
easyread-text-19-12,19,text-19-12,success,
easyread-text-17-34,17,text-17-34,success,
easyread-text-12-25,12,text-12-25,success,
easyread-text-18-15,18,text-18-15,success,
easyread-text-12-26,12,text-12-26,success,
easyread-text-20-1,20,text-20-1,success,
easyread-text-20-1,20,text-20-1,success,
easyread-text-11-3,11,text-11-3,success,
easyread-text-13-14,13,text-13-14,success,
easyread-text-19-13,19,text-19-13,success,
easyread-text-11-3,11,text-11-3,success,
easyread-text-12-27,12,text-12-27,success,
easyread-text-17-36,17,text-17-36,success,
easyread-text-19-12,19,text-19-12,success,
easyread-text-12-27,12,text-12-27,success,
easyread-text-13-15,13,text-13-15,success,
easyread-text-23-13,23,text-23-13,success,
easyread-text-26-0,26,text-26-0,success,
easyread-text-19-13,19,text-19-13,success,
easyread-text-20-2,20,text-20-2,success,
easyread-text-25-18,25,text-25-18,success,
easyread-text-26-1,26,text-26-1,success,
easyread-text-13-16,13,text-13-16,success,
easyread-text-23-12,23,text-23-12,success,
easyread-text-17-36,17,text-17-36,success,
easyread-text-17-37,17,text-17-37,success,
easyread-text-20-3,20,text-20-3,success,
easyread-text-20-2,20,text-20-2,success,
easyread-text-11-4,11,text-11-4,success,
easyread-text-26-2,26,text-26-2,success,
easyread-text-26-2,26,text-26-2,success,
easyread-text-11-4,11,text-11-4,success,
easyread-text-25-19,25,text-25-19,success,
easyread-text-13-16,13,text-13-16,success,
easyread-text-23-13,23,text-23-13,success,
easyread-text-17-35,17,text-17-35,success,
easyread-text-17-37,17,text-17-37,success,
easyread-text-20-4,20,text-20-4,success,
easyread-text-26-1,26,text-26-1,success,
easyread-text-20-3,20,text-20-3,success,
easyread-text-19-14,19,text-19-14,success,
easyread-text-25-19,25,text-25-19,success,
easyread-text-25-21,25,text-25-21,success,
easyread-text-23-12,23,text-23-12,success,
easyread-text-25-20,25,text-25-20,success,
easyread-text-26-3,26,text-26-3,success,
easyread-text-23-14,23,text-23-14,success,
easyread-text-19-15,19,text-19-15,success,
easyread-text-27-0,27,text-27-0,success,
easyread-text-25-20,25,text-25-20,success,
easyread-text-11-5,11,text-11-5,success,
easyread-text-11-5,11,text-11-5,success,
easyread-text-25-21,25,text-25-21,success,
easyread-text-20-5,20,text-20-5,success,
easyread-text-13-17,13,text-13-17,success,
easyread-text-13-18,13,text-13-18,success,
easyread-text-20-4,20,text-20-4,success,
easyread-text-23-15,23,text-23-15,success,
easyread-text-19-16,19,text-19-16,success,
easyread-text-26-3,26,text-26-3,success,
easyread-text-19-15,19,text-19-15,success,
easyread-text-11-6,11,text-11-6,success,
easyread-text-26-4,26,text-26-4,success,
easyread-text-26-4,26,text-26-4,success,
easyread-text-23-15,23,text-23-15,success,
easyread-text-20-5,20,text-20-5,success,
easyread-text-13-17,13,text-13-17,success,
easyread-text-27-0,27,text-27-0,success,
easyread-text-27-1,27,text-27-1,success,
easyread-text-13-15,13,text-13-15,success,
easyread-text-27-1,27,text-27-1,success,
easyread-text-11-6,11,text-11-6,success,
easyread-text-27-2,27,text-27-2,success,
easyread-text-13-18,13,text-13-18,success,
easyread-text-23-16,23,text-23-16,success,
easyread-text-20-6,20,text-20-6,success,
easyread-text-23-16,23,text-23-16,success,
easyread-text-30-1,30,text-30-1,success,
easyread-text-19-11,19,text-19-11,success,
easyread-text-19-17,19,text-19-17,success,
easyread-text-30-0,30,text-30-0,success,
easyread-text-11-7,11,text-11-7,success,
easyread-text-17-35,17,text-17-35,success,
easyread-text-11-7,11,text-11-7,success,
easyread-text-19-16,19,text-19-16,success,
easyread-text-13-19,13,text-13-19,success,
easyread-text-23-17,23,text-23-17,success,
easyread-text-26-5,26,text-26-5,success,
easyread-text-30-1,30,text-30-1,success,
easyread-text-26-5,26,text-26-5,success,
easyread-text-13-19,13,text-13-19,success,
easyread-text-11-8,11,text-11-8,success,
easyread-text-19-18,19,text-19-18,success,
easyread-text-30-0,30,text-30-0,success,
easyread-text-23-17,23,text-23-17,success,
easyread-text-19-17,19,text-19-17,success,
easyread-text-11-8,11,text-11-8,success,
easyread-text-27-2,27,text-27-2,success,
easyread-text-27-3,27,text-27-3,success,
easyread-text-11-9,11,text-11-9,success,
easyread-text-30-2,30,text-30-2,success,
easyread-text-19-18,19,text-19-18,success,
easyread-text-20-7,20,text-20-7,success,
easyread-text-10-0,10,text-10-0,success,
easyread-text-30-3,30,text-30-3,success,
easyread-text-28-0,28,text-28-0,success,
easyread-text-27-3,27,text-27-3,success,
easyread-text-13-20,13,text-13-20,success,
easyread-text-30-2,30,text-30-2,success,
easyread-text-19-14,19,text-19-14,success,
easyread-text-13-20,13,text-13-20,success,
easyread-text-20-6,20,text-20-6,success,
easyread-text-10-1,10,text-10-1,success,
easyread-text-23-14,23,text-23-14,success,
easyread-text-10-0,10,text-10-0,success,
easyread-text-20-8,20,text-20-8,success,
easyread-text-11-9,11,text-11-9,success,
easyread-text-13-21,13,text-13-21,success,
easyread-text-10-1,10,text-10-1,success,
easyread-text-10-2,10,text-10-2,success,
easyread-text-26-7,26,text-26-7,success,
easyread-text-11-10,11,text-11-10,success,
easyread-text-30-3,30,text-30-3,success,
easyread-text-19-19,19,text-19-19,success,
easyread-text-19-19,19,text-19-19,success,
easyread-text-20-8,20,text-20-8,success,
easyread-text-28-1,28,text-28-1,success,
easyread-text-13-21,13,text-13-21,success,
easyread-text-27-4,27,text-27-4,success,
easyread-text-26-7,26,text-26-7,success,
easyread-text-27-4,27,text-27-4,success,
easyread-text-26-6,26,text-26-6,success,
easyread-text-20-9,20,text-20-9,success,
easyread-text-27-5,27,text-27-5,success,
easyread-text-19-20,19,text-19-20,success,
easyread-text-10-2,10,text-10-2,success,
easyread-text-26-8,26,text-26-8,success,
easyread-text-28-2,28,text-28-2,success,
easyread-text-13-22,13,text-13-22,success,
easyread-text-28-1,28,text-28-1,success,
easyread-text-30-4,30,text-30-4,success,
easyread-text-10-3,10,text-10-3,success,
easyread-text-28-0,28,text-28-0,success,
easyread-text-13-22,13,text-13-22,success,
easyread-text-11-11,11,text-11-11,success,
easyread-text-11-11,11,text-11-11,success,
easyread-text-20-9,20,text-20-9,success,
easyread-text-10-3,10,text-10-3,success,
easyread-text-27-5,27,text-27-5,success,
easyread-text-19-20,19,text-19-20,success,
easyread-text-27-6,27,text-27-6,success,
easyread-text-27-6,27,text-27-6,success,
easyread-text-20-10,20,text-20-10,success,
easyread-text-26-9,26,text-26-9,success,
easyread-text-27-7,27,text-27-7,success,
easyread-text-30-5,30,text-30-5,success,
easyread-text-19-21,19,text-19-21,success,
easyread-text-26-8,26,text-26-8,success,
easyread-text-30-5,30,text-30-5,success,
easyread-text-19-21,19,text-19-21,success,
easyread-text-20-10,20,text-20-10,success,
easyread-text-10-4,10,text-10-4,success,
easyread-text-28-2,28,text-28-2,success,
easyread-text-28-3,28,text-28-3,success,
easyread-text-20-11,20,text-20-11,success,
easyread-text-10-4,10,text-10-4,success,
easyread-text-30-6,30,text-30-6,success,
easyread-text-13-24,13,text-13-24,success,
easyread-text-19-22,19,text-19-22,success,
easyread-text-26-6,26,text-26-6,success,
easyread-text-13-23,13,text-13-23,success,
easyread-text-27-7,27,text-27-7,success,
easyread-text-28-3,28,text-28-3,success,
easyread-text-20-11,20,text-20-11,success,
easyread-text-11-12,11,text-11-12,success,
easyread-text-30-4,30,text-30-4,success,
easyread-text-26-9,26,text-26-9,success,
easyread-text-20-7,20,text-20-7,success,
easyread-text-30-7,30,text-30-7,success,
easyread-text-19-22,19,text-19-22,success,
easyread-text-11-10,11,text-11-10,success,
easyread-text-13-24,13,text-13-24,success,
easyread-text-27-8,27,text-27-8,success,
easyread-text-20-12,20,text-20-12,success,
easyread-text-26-10,26,text-26-10,success,
easyread-text-10-5,10,text-10-5,success,
easyread-text-28-4,28,text-28-4,success,
easyread-text-30-6,30,text-30-6,success,
easyread-text-28-4,28,text-28-4,success,
easyread-text-10-5,10,text-10-5,success,
easyread-text-20-12,20,text-20-12,success,
easyread-text-27-8,27,text-27-8,success,
easyread-text-26-10,26,text-26-10,success,
easyread-text-10-6,10,text-10-6,success,
easyread-text-11-12,11,text-11-12,success,
easyread-text-11-14,11,text-11-14,success,
easyread-text-13-26,13,text-13-26,success,
easyread-text-26-11,26,text-26-11,success,
easyread-text-11-13,11,text-11-13,success,
easyread-text-13-25,13,text-13-25,success,
easyread-text-19-24,19,text-19-24,success,
easyread-text-30-8,30,text-30-8,success,
easyread-text-19-23,19,text-19-23,success,
easyread-text-10-6,10,text-10-6,success,
easyread-text-20-13,20,text-20-13,success,
easyread-text-26-12,26,text-26-12,success,
easyread-text-11-13,11,text-11-13,success,
easyread-text-27-10,27,text-27-10,success,
easyread-text-11-14,11,text-11-14,success,
easyread-text-26-12,26,text-26-12,success,
easyread-text-27-9,27,text-27-9,success,
easyread-text-19-24,19,text-19-24,success,
easyread-text-30-7,30,text-30-7,success,
easyread-text-28-5,28,text-28-5,success,
easyread-text-20-14,20,text-20-14,success,
easyread-text-30-8,30,text-30-8,success,
easyread-text-27-9,27,text-27-9,success,
easyread-text-20-13,20,text-20-13,success,
easyread-text-26-13,26,text-26-13,success,
easyread-text-11-15,11,text-11-15,success,
easyread-text-28-6,28,text-28-6,success,
easyread-text-30-9,30,text-30-9,success,
easyread-text-11-15,11,text-11-15,success,
easyread-text-13-26,13,text-13-26,success,
easyread-text-10-7,10,text-10-7,success,
easyread-text-26-13,26,text-26-13,success,
easyread-text-30-9,30,text-30-9,success,
easyread-text-28-6,28,text-28-6,success,
easyread-text-13-23,13,text-13-23,success,
easyread-text-27-10,27,text-27-10,success,
easyread-text-28-5,28,text-28-5,success,
easyread-text-10-7,10,text-10-7,success,
easyread-text-13-27,13,text-13-27,success,
easyread-text-10-8,10,text-10-8,success,
easyread-text-27-11,27,text-27-11,success,
easyread-text-11-16,11,text-11-16,success,
easyread-text-19-25,19,text-19-25,success,
easyread-text-10-8,10,text-10-8,success,
easyread-text-19-25,19,text-19-25,success,
easyread-text-20-15,20,text-20-15,success,
easyread-text-11-17,11,text-11-17,success,
easyread-text-28-8,28,text-28-8,success,
easyread-text-30-10,30,text-30-10,success,
easyread-text-26-14,26,text-26-14,success,
easyread-text-28-7,28,text-28-7,success,
easyread-text-27-12,27,text-27-12,success,
easyread-text-13-27,13,text-13-27,success,
easyread-text-20-14,20,text-20-14,success,
easyread-text-20-15,20,text-20-15,success,
easyread-text-13-25,13,text-13-25,success,
easyread-text-11-16,11,text-11-16,success,
easyread-text-26-15,26,text-26-15,success,
easyread-text-11-17,11,text-11-17,success,
easyread-text-27-11,27,text-27-11,success,
easyread-text-13-28,13,text-13-28,success,
easyread-text-30-10,30,text-30-10,success,
easyread-text-27-12,27,text-27-12,success,
easyread-text-13-28,13,text-13-28,success,
easyread-text-28-8,28,text-28-8,success,
easyread-text-10-9,10,text-10-9,success,
easyread-text-26-11,26,text-26-11,success,
easyread-text-10-9,10,text-10-9,success,
easyread-text-30-11,30,text-30-11,success,
easyread-text-27-13,27,text-27-13,success,
easyread-text-10-10,10,text-10-10,success,
easyread-text-20-17,20,text-20-17,success,
easyread-text-27-13,27,text-27-13,success,
easyread-text-30-11,30,text-30-11,success,
easyread-text-20-16,20,text-20-16,success,
easyread-text-10-10,10,text-10-10,success,
easyread-text-26-16,26,text-26-16,success,
easyread-text-28-7,28,text-28-7,success,
easyread-text-28-9,28,text-28-9,success,
easyread-text-30-12,30,text-30-12,success,
easyread-text-28-9,28,text-28-9,success,
easyread-text-20-16,20,text-20-16,success,
easyread-text-11-18,11,text-11-18,success,
easyread-text-11-18,11,text-11-18,success,
easyread-text-27-14,27,text-27-14,success,
easyread-text-26-16,26,text-26-16,success,
easyread-text-20-17,20,text-20-17,success,
easyread-text-10-11,10,text-10-11,success,
easyread-text-19-23,19,text-19-23,success,
easyread-text-10-12,10,text-10-12,success,
easyread-text-26-15,26,text-26-15,success,
easyread-text-28-10,28,text-28-10,success,
easyread-text-11-19,11,text-11-19,success,
easyread-text-20-18,20,text-20-18,success,
easyread-text-30-14,30,text-30-14,success,
easyread-text-11-20,11,text-11-20,success,
easyread-text-11-19,11,text-11-19,success,
easyread-text-30-13,30,text-30-13,success,
easyread-text-28-10,28,text-28-10,success,
easyread-text-26-17,26,text-26-17,success,
easyread-text-10-12,10,text-10-12,success,
easyread-text-26-17,26,text-26-17,success,
easyread-text-27-14,27,text-27-14,success,
easyread-text-20-18,20,text-20-18,success,
easyread-text-28-11,28,text-28-11,success,
easyread-text-30-12,30,text-30-12,success,
easyread-text-28-12,28,text-28-12,success,
easyread-text-30-13,30,text-30-13,success,
easyread-text-28-11,28,text-28-11,success,
easyread-text-26-14,26,text-26-14,success,
easyread-text-27-15,27,text-27-15,success,
easyread-text-26-18,26,text-26-18,success,
easyread-text-11-21,11,text-11-21,success,
easyread-text-20-20,20,text-20-20,success,
easyread-text-28-12,28,text-28-12,success,
easyread-text-20-19,20,text-20-19,success,
easyread-text-10-11,10,text-10-11,success,
easyread-text-27-15,27,text-27-15,success,
easyread-text-11-21,11,text-11-21,success,
easyread-text-30-14,30,text-30-14,success,
easyread-text-20-19,20,text-20-19,success,
easyread-text-10-13,10,text-10-13,success,
easyread-text-27-16,27,text-27-16,success,
easyread-text-26-19,26,text-26-19,success,
easyread-text-26-19,26,text-26-19,success,
easyread-text-10-15,10,text-10-15,success,
easyread-text-28-13,28,text-28-13,success,
easyread-text-27-16,27,text-27-16,success,
easyread-text-11-20,11,text-11-20,success,
easyread-text-10-13,10,text-10-13,success,
easyread-text-11-22,11,text-11-22,success,
easyread-text-11-23,11,text-11-23,success,
easyread-text-10-14,10,text-10-14,success,
easyread-text-20-20,20,text-20-20,success,
easyread-text-10-14,10,text-10-14,success,
easyread-text-11-22,11,text-11-22,success,
easyread-text-30-15,30,text-30-15,success,
easyread-text-26-18,26,text-26-18,success,
easyread-text-27-17,27,text-27-17,success,
easyread-text-28-14,28,text-28-14,success,
easyread-text-20-21,20,text-20-21,success,
easyread-text-30-16,30,text-30-16,success,
easyread-text-26-20,26,text-26-20,success,
easyread-text-26-21,26,text-26-21,success,
easyread-text-11-23,11,text-11-23,success,
easyread-text-28-15,28,text-28-15,success,
easyread-text-27-18,27,text-27-18,success,
easyread-text-28-13,28,text-28-13,success,
easyread-text-28-15,28,text-28-15,success,
easyread-text-10-15,10,text-10-15,success,
easyread-text-27-18,27,text-27-18,success,
easyread-text-30-16,30,text-30-16,success,
easyread-text-11-24,11,text-11-24,success,
easyread-text-10-16,10,text-10-16,success,
easyread-text-30-18,30,text-30-18,success,
easyread-text-26-20,26,text-26-20,success,
easyread-text-30-15,30,text-30-15,success,
easyread-text-28-14,28,text-28-14,success,
easyread-text-11-24,11,text-11-24,success,
easyread-text-26-22,26,text-26-22,success,
easyread-text-10-16,10,text-10-16,success,
easyread-text-26-21,26,text-26-21,success,
easyread-text-27-17,27,text-27-17,success,
easyread-text-30-17,30,text-30-17,success,
easyread-text-27-19,27,text-27-19,success,
easyread-text-10-17,10,text-10-17,success,
easyread-text-27-19,27,text-27-19,success,
easyread-text-30-18,30,text-30-18,success,
easyread-text-10-18,10,text-10-18,success,
easyread-text-28-16,28,text-28-16,success,
easyread-text-26-22,26,text-26-22,success,
easyread-text-28-17,28,text-28-17,success,
easyread-text-10-18,10,text-10-18,success,
easyread-text-11-26,11,text-11-26,success,
easyread-text-30-21,30,text-30-21,success,
easyread-text-10-20,10,text-10-20,success,
easyread-text-10-19,10,text-10-19,success,
easyread-text-27-20,27,text-27-20,success,
easyread-text-30-19,30,text-30-19,success,
easyread-text-27-20,27,text-27-20,success,
easyread-text-11-28,11,text-11-28,success,
easyread-text-11-25,11,text-11-25,success,
easyread-text-27-21,27,text-27-21,success,
easyread-text-11-26,11,text-11-26,success,
easyread-text-28-16,28,text-28-16,success,
easyread-text-10-19,10,text-10-19,success,
easyread-text-28-17,28,text-28-17,success,
easyread-text-11-28,11,text-11-28,success,
easyread-text-10-17,10,text-10-17,success,
easyread-text-30-19,30,text-30-19,success,
easyread-text-11-27,11,text-11-27,success,
easyread-text-28-18,28,text-28-18,success,
easyread-text-30-20,30,text-30-20,success,
easyread-text-28-18,28,text-28-18,success,
easyread-text-30-17,30,text-30-17,success,
easyread-text-27-21,27,text-27-21,success,
easyread-text-10-20,10,text-10-20,success,
easyread-text-27-23,27,text-27-23,success,
easyread-text-27-22,27,text-27-22,success,
easyread-text-10-21,10,text-10-21,success,
easyread-text-28-19,28,text-28-19,success,
easyread-text-10-22,10,text-10-22,success,
easyread-text-11-29,11,text-11-29,success,
easyread-text-30-22,30,text-30-22,success,
easyread-text-27-23,27,text-27-23,success,
easyread-text-28-20,28,text-28-20,success,
easyread-text-27-25,27,text-27-25,success,
easyread-text-30-20,30,text-30-20,success,
easyread-text-10-22,10,text-10-22,success,
easyread-text-30-22,30,text-30-22,success,
easyread-text-11-25,11,text-11-25,success,
easyread-text-11-29,11,text-11-29,success,
easyread-text-30-24,30,text-30-24,success,
easyread-text-27-24,27,text-27-24,success,
easyread-text-28-21,28,text-28-21,success,
easyread-text-28-19,28,text-28-19,success,
easyread-text-30-23,30,text-30-23,success,
easyread-text-27-26,27,text-27-26,success,
easyread-text-10-23,10,text-10-23,success,
easyread-text-30-24,30,text-30-24,success,
easyread-text-30-23,30,text-30-23,success,
easyread-text-10-23,10,text-10-23,success,
easyread-text-10-24,10,text-10-24,success,
easyread-text-30-21,30,text-30-21,success,
easyread-text-28-21,28,text-28-21,success,
easyread-text-10-21,10,text-10-21,success,
easyread-text-27-25,27,text-27-25,success,
easyread-text-10-24,10,text-10-24,success,
easyread-text-28-23,28,text-28-23,success,
easyread-text-27-27,27,text-27-27,success,
easyread-text-27-28,27,text-27-28,success,
easyread-text-10-25,10,text-10-25,success,
easyread-text-10-26,10,text-10-26,success,
easyread-text-10-25,10,text-10-25,success,
easyread-text-27-24,27,text-27-24,success,
easyread-text-27-28,27,text-27-28,success,
easyread-text-10-26,10,text-10-26,success,
easyread-text-28-24,28,text-28-24,success,
easyread-text-27-27,27,text-27-27,success,
easyread-text-27-26,27,text-27-26,success,
easyread-text-10-28,10,text-10-28,success,
easyread-text-10-28,10,text-10-28,success,
easyread-text-28-22,28,text-28-22,success,
easyread-text-28-22,28,text-28-22,success,
easyread-text-28-27,28,text-28-27,success,
easyread-text-24-1,24,text-24-1,success,
easyread-text-28-24,28,text-28-24,success,
easyread-text-10-29,10,text-10-29,success,
easyread-text-27-22,27,text-27-22,success,
easyread-text-10-27,10,text-10-27,success,
easyread-text-24-2,24,text-24-2,success,
easyread-text-24-1,24,text-24-1,success,
easyread-text-28-20,28,text-28-20,success,
easyread-text-10-29,10,text-10-29,success,
easyread-text-28-25,28,text-28-25,success,
easyread-text-28-28,28,text-28-28,success,
easyread-text-24-2,24,text-24-2,success,
easyread-text-28-25,28,text-28-25,success,
easyread-text-28-26,28,text-28-26,success,
easyread-text-28-26,28,text-28-26,success,
easyread-text-24-6,24,text-24-6,success,
easyread-text-28-28,28,text-28-28,success,
easyread-text-10-27,10,text-10-27,success,
easyread-text-28-27,28,text-28-27,success,
easyread-text-24-8,24,text-24-8,success,
easyread-text-24-7,24,text-24-7,success,
easyread-text-28-23,28,text-28-23,success,
easyread-text-24-3,24,text-24-3,success,
easyread-text-24-5,24,text-24-5,success,
easyread-text-11-27,11,text-11-27,success,
easyread-text-24-8,24,text-24-8,success,
easyread-text-24-3,24,text-24-3,success,
easyread-text-24-0,24,text-24-0,success,
easyread-text-24-6,24,text-24-6,success,
easyread-text-24-7,24,text-24-7,success,
easyread-text-24-0,24,text-24-0,success,
easyread-text-24-9,24,text-24-9,success,
easyread-text-20-21,20,text-20-21,success,
easyread-text-24-10,24,text-24-10,success,
easyread-text-24-11,24,text-24-11,success,
easyread-text-24-4,24,text-24-4,success,
easyread-text-24-17,24,text-24-17,success,
easyread-text-24-10,24,text-24-10,success,
easyread-text-24-12,24,text-24-12,success,
easyread-text-24-11,24,text-24-11,success,
easyread-text-24-4,24,text-24-4,success,
easyread-text-24-15,24,text-24-15,success,
easyread-text-24-5,24,text-24-5,success,
easyread-text-24-19,24,text-24-19,success,
easyread-text-24-13,24,text-24-13,success,
easyread-text-24-15,24,text-24-15,success,
easyread-text-29-1,29,text-29-1,success,
easyread-text-24-18,24,text-24-18,success,
easyread-text-29-0,29,text-29-0,success,
easyread-text-24-12,24,text-24-12,success,
easyread-text-24-19,24,text-24-19,success,
easyread-text-24-16,24,text-24-16,success,
easyread-text-24-9,24,text-24-9,success,
easyread-text-24-14,24,text-24-14,success,
easyread-text-24-14,24,text-24-14,success,
easyread-text-24-16,24,text-24-16,success,
easyread-text-29-1,29,text-29-1,success,
easyread-text-29-0,29,text-29-0,success,
easyread-text-24-21,24,text-24-21,success,
easyread-text-24-22,24,text-24-22,success,
easyread-text-29-4,29,text-29-4,success,
easyread-text-24-18,24,text-24-18,success,
easyread-text-24-23,24,text-24-23,success,
easyread-text-29-2,29,text-29-2,success,
easyread-text-24-23,24,text-24-23,success,
easyread-text-29-4,29,text-29-4,success,
easyread-text-24-17,24,text-24-17,success,
easyread-text-29-3,29,text-29-3,success,
easyread-text-29-2,29,text-29-2,success,
easyread-text-29-3,29,text-29-3,success,
easyread-text-24-21,24,text-24-21,success,
easyread-text-24-20,24,text-24-20,success,
easyread-text-24-24,24,text-24-24,success,
easyread-text-24-26,24,text-24-26,success,
easyread-text-29-8,29,text-29-8,success,
easyread-text-29-5,29,text-29-5,success,
easyread-text-29-9,29,text-29-9,success,
easyread-text-24-20,24,text-24-20,success,
easyread-text-29-5,29,text-29-5,success,
easyread-text-29-10,29,text-29-10,success,
easyread-text-24-28,24,text-24-28,success,
easyread-text-24-29,24,text-24-29,success,
easyread-text-24-28,24,text-24-28,success,
easyread-text-24-25,24,text-24-25,success,
easyread-text-24-24,24,text-24-24,success,
easyread-text-24-26,24,text-24-26,success,
easyread-text-29-7,29,text-29-7,success,
easyread-text-29-8,29,text-29-8,success,
easyread-text-29-9,29,text-29-9,success,
easyread-text-24-27,24,text-24-27,success,
easyread-text-24-29,24,text-24-29,success,
easyread-text-29-6,29,text-29-6,success,
easyread-text-24-25,24,text-24-25,success,
easyread-text-29-10,29,text-29-10,success,
easyread-text-29-7,29,text-29-7,success,
easyread-text-29-6,29,text-29-6,success,
easyread-text-29-12,29,text-29-12,success,
easyread-text-24-22,24,text-24-22,success,
easyread-text-29-12,29,text-29-12,success,
easyread-text-24-30,24,text-24-30,success,
easyread-text-29-13,29,text-29-13,success,
easyread-text-24-32,24,text-24-32,success,
easyread-text-24-31,24,text-24-31,success,
easyread-text-29-11,29,text-29-11,success,
easyread-text-24-33,24,text-24-33,success,
easyread-text-24-31,24,text-24-31,success,
easyread-text-24-33,24,text-24-33,success,
easyread-text-29-11,29,text-29-11,success,
easyread-text-29-13,29,text-29-13,success,
easyread-text-24-36,24,text-24-36,success,
easyread-text-24-32,24,text-24-32,success,
easyread-text-24-30,24,text-24-30,success,
easyread-text-24-27,24,text-24-27,success,
easyread-text-29-17,29,text-29-17,success,
easyread-text-24-35,24,text-24-35,success,
easyread-text-29-15,29,text-29-15,success,
easyread-text-24-34,24,text-24-34,success,
easyread-text-24-36,24,text-24-36,success,
easyread-text-29-14,29,text-29-14,success,
easyread-text-29-17,29,text-29-17,success,
easyread-text-29-14,29,text-29-14,success,
easyread-text-24-34,24,text-24-34,success,
easyread-text-29-16,29,text-29-16,success,
easyread-text-24-35,24,text-24-35,success,
easyread-text-29-18,29,text-29-18,success,
easyread-text-24-37,24,text-24-37,success,
easyread-text-24-38,24,text-24-38,success,
easyread-text-29-19,29,text-29-19,success,
easyread-text-24-38,24,text-24-38,success,
easyread-text-29-19,29,text-29-19,success,
easyread-text-24-40,24,text-24-40,success,
easyread-text-24-41,24,text-24-41,success,
easyread-text-29-20,29,text-29-20,success,
easyread-text-29-23,29,text-29-23,success,
easyread-text-29-22,29,text-29-22,success,
easyread-text-24-40,24,text-24-40,success,
easyread-text-29-20,29,text-29-20,success,
easyread-text-29-15,29,text-29-15,success,
easyread-text-24-39,24,text-24-39,success,
easyread-text-29-16,29,text-29-16,success,
easyread-text-29-21,29,text-29-21,success,
easyread-text-29-22,29,text-29-22,success,
easyread-text-24-39,24,text-24-39,success,
easyread-text-24-43,24,text-24-43,success,
easyread-text-24-42,24,text-24-42,success,
easyread-text-24-37,24,text-24-37,success,
easyread-text-24-44,24,text-24-44,success,
easyread-text-29-24,29,text-29-24,success,
easyread-text-24-45,24,text-24-45,success,
easyread-text-29-18,29,text-29-18,success,
easyread-text-29-23,29,text-29-23,success,
easyread-text-29-28,29,text-29-28,success,
easyread-text-29-25,29,text-29-25,success,
easyread-text-24-44,24,text-24-44,success,
easyread-text-29-27,29,text-29-27,success,
easyread-text-24-42,24,text-24-42,success,
easyread-text-24-43,24,text-24-43,success,
easyread-text-24-13,24,text-24-13,success,
easyread-text-24-46,24,text-24-46,success,
easyread-text-24-45,24,text-24-45,success,
easyread-text-24-47,24,text-24-47,success,
easyread-text-29-26,29,text-29-26,success,
easyread-text-29-25,29,text-29-25,success,
easyread-text-24-46,24,text-24-46,success,
easyread-text-29-28,29,text-29-28,success,
easyread-text-29-27,29,text-29-27,success,
easyread-text-29-33,29,text-29-33,success,
easyread-text-29-32,29,text-29-32,success,
easyread-text-29-31,29,text-29-31,success,
easyread-text-29-30,29,text-29-30,success,
easyread-text-24-47,24,text-24-47,success,
easyread-text-24-48,24,text-24-48,success,
easyread-text-29-32,29,text-29-32,success,
easyread-text-29-29,29,text-29-29,success,
easyread-text-29-30,29,text-29-30,success,
easyread-text-29-26,29,text-29-26,success,
easyread-text-29-21,29,text-29-21,success,
easyread-text-29-31,29,text-29-31,success,
easyread-text-29-33,29,text-29-33,success,
easyread-text-24-48,24,text-24-48,success,
easyread-text-24-41,24,text-24-41,success,
easyread-text-29-34,29,text-29-34,success,
easyread-text-29-24,29,text-29-24,success,
easyread-text-29-29,29,text-29-29,success,
easyread-text-29-36,29,text-29-36,success,
easyread-text-29-35,29,text-29-35,success,
easyread-text-29-36,29,text-29-36,success,
easyread-text-29-37,29,text-29-37,success,
easyread-text-29-34,29,text-29-34,success,
easyread-text-29-38,29,text-29-38,success,
easyread-text-29-35,29,text-29-35,success,
easyread-text-29-40,29,text-29-40,success,
easyread-text-29-37,29,text-29-37,success,
easyread-text-29-40,29,text-29-40,success,
easyread-text-29-39,29,text-29-39,success,
easyread-text-29-44,29,text-29-44,success,
easyread-text-29-42,29,text-29-42,success,
easyread-text-29-39,29,text-29-39,success,
easyread-text-29-57,29,text-29-57,success,
easyread-text-29-41,29,text-29-41,success,
easyread-text-29-45,29,text-29-45,success,
easyread-text-29-55,29,text-29-55,success,
easyread-text-29-38,29,text-29-38,success,
easyread-text-29-51,29,text-29-51,success,
easyread-text-29-50,29,text-29-50,success,
easyread-text-29-50,29,text-29-50,success,
easyread-text-29-52,29,text-29-52,success,
easyread-text-29-41,29,text-29-41,success,
easyread-text-29-46,29,text-29-46,success,
easyread-text-29-53,29,text-29-53,success,
easyread-text-29-57,29,text-29-57,success,
easyread-text-29-51,29,text-29-51,success,
easyread-text-29-42,29,text-29-42,success,
easyread-text-29-46,29,text-29-46,success,
easyread-text-29-43,29,text-29-43,success,
easyread-text-29-47,29,text-29-47,success,
easyread-text-29-48,29,text-29-48,success,
easyread-text-29-44,29,text-29-44,success,
easyread-text-29-49,29,text-29-49,success,
easyread-text-29-52,29,text-29-52,success,
easyread-text-29-54,29,text-29-54,success,
easyread-text-29-55,29,text-29-55,success,
easyread-text-29-43,29,text-29-43,success,
easyread-text-29-48,29,text-29-48,success,
easyread-text-29-45,29,text-29-45,success,
easyread-text-29-54,29,text-29-54,success,
easyread-text-29-56,29,text-29-56,success,
easyread-text-29-49,29,text-29-49,success,
easyread-text-29-53,29,text-29-53,success,
easyread-text-29-56,29,text-29-56,success,
easyread-text-29-47,29,text-29-47,success,
