page_index,id,origin_language_code,language_code,text,reasoning
12,text-12-0,en,es,12,"The text is simply a numeric value and doesn't require translation into another language. Numerical values remain the same across languages except for number formatting, which is not specified here."
14,text-14-0,en,es,14,"The number '14' should remain unchanged as numbers are universal. However, if required to translate, any contextual text surrounding it would be translated."
21,text-21-0,en,es,Tarea Final,"The text labeled 'Final Task:' is the only text given for translation. Since there is no surrounding context or additional input, the translation of 'Final Task' should be done directly, taking into account that 'Task' is a noun that needs to be correctly translated to Spanish."
16,text-16-0,en,es,Preguntas de enfoque,"The phrase 'Focus Questions' consists of two nouns, and they should be translated into Spanish accordingly."
21,text-21-2,en,es,21,The number '21' is a numerical value and does not change when translated to another language.
16,text-16-4,en,es,¿Dónde se ven menos volcanes?,"The sentence is a straightforward question asking about locations with fewer volcanoes. To answer, we should translate the sentence correctly into Spanish."
16,text-16-3,en,es,2. ¿Dónde ves los menos volcanes?,The sentence is a question about the location with the least number of volcanoes. The translation should convey the same query in Spanish without altering the meaning.
21,text-21-1,en,es,Describa dos patrones de cambio en las características de la Tierra y cómo ocurren.,"The text provided describes changes to Earth's features, which are natural phenomena, and should be translated accordingly into Spanish. No mathematical symbols are included, so a direct translation can be applied."
16,text-16-1,en,es,1. ¿Dónde se ven más volcanes?,"The sentence is a question and 'volcanoes' is a noun, which should be translated. The correct translation would be to structure the sentence in Spanish while paying attention to the grammatical order and correct word choice."
16,text-16-2,en,es,¿Dónde ves la mayoría de los volcanes?,"The sentence is a question asking about locations with many volcanoes. All components of the sentence will be translated, as they represent common words and phrases."
16,text-16-7,en,es,16,Numbers do not need translation as they are universally understood.
16,text-16-5,en,es,3. ¿Qué patrones observas en la ubicación de los volcanes activos?,"The sentence is a question asking about patterns related to active volcanoes. The key terms include 'patterns', 'location', and 'active volcanoes', which need to be translated appropriately into Spanish."
16,text-16-6,en,es,¿Qué patrones ves en la ubicación de los volcanes activos?,"The sentence is asking about patterns related to active volcanoes, and we need to translate it into Spanish while ensuring that all parts of the sentence are translated accurately, as there are no technical terms or specific units that need to remain in English."
15,text-15-0,en,es,1.1 Patrones en las características de la Tierra (5.1.1),The title of a section or chapter should be translated to accurately reflect its meaning in Spanish.
15,text-15-1,en,es,Fenómeno,The word 'Phenomenon' is a noun and should be translated to the target language.
15,text-15-3,en,es,Los puntos representan volcanes activos.,The text contains a simple description stating that the 'dots' represent 'active volcanoes.' Both 'dots' and 'active volcanoes' are nouns that need to be translated into Spanish.
15,text-15-4,en,es,"Volcanes activos, Tectónica de placas y el ""Cinturón de Fuego""","The text contains names and terms related to geology and geography, which should be translated into the target language. However, specific names such as 'Ring of Fire' might remain untranslated as they are recognized terms."
15,text-15-6,en,es,Observaciones y preguntas,The phrase 'Observations & Wonderings' can be translated directly as it does not contain untranslatable terms or math symbols.
15,text-15-2,en,es,"En el Océano Pacífico hay un camino de volcanes activos con frecuentes terremotos, llamado el Cinturón de Fuego.","The given text describes a geographic feature and contains nouns such as 'Pacific Ocean', 'Ring of Fire', as well as terms like 'active volcanoes' and 'earthquakes' which should be translated into Spanish."
15,text-15-9,en,es,15,The number '15' does not need to be translated as numbers are universally understood.
15,text-15-8,en,es,2. ¿Qué te preguntas sobre este fenómeno?,The sentence is a query about curiosity regarding a phenomenon. The translation should preserve the question format in Spanish.
15,text-15-5,en,es,"Imagen por USGS, https://commons.wikimedia.org/wiki/File:Map_plate_tectonics_world.gif; dominio público","The text contains a credit line with a URL and terms for an image from USGS. The components such as 'public domain' are categories or concepts, not specific content requiring context translation. The main text description should be translated, while the URL and attribution remain in their original form."
22,text-22-0,en,es,22,The number '22' remains the same in any language as it is a universal numerical representation.
24,text-24-0,en,es,Preguntas de enfoque,The English phrase 'Focus Questions' consists of nouns which should be translated to the target language while retaining their structure and meaning.
24,text-24-4,en,es,24,The text '24' is a simple numeric representation and does not contain any language-specific elements that require translation.
24,text-24-3,en,es,3. ¿Qué encuentras sorprendente sobre estos datos?,"The question needs to be translated into Spanish, keeping the question format intact."
24,text-24-2,en,es,"2. ¿Cuánta agua en la Tierra es agua superficial (lagos, pantanos o ríos)?","The phrase 'surface water' and the nouns 'lakes,' 'swamps,' and 'rivers' need to be translated into Spanish while maintaining the numerical values and units intact as they are universal."
13,text-13-2,en,es,Esquema del capítulo,"The phrase 'Chapter Outline' needs to be translated into Spanish, ensuring that the meaning and structure are preserved."
13,text-13-0,en,es,CAPÍTULO 1,"'CHAPTER' is a noun and should be translated to 'CAPÍTULO', while '1' remains unchanged as it is a numerical value."
20,text-20-0,en,es,Juntando Todo,The phrase 'Putting It Together' needs to be translated into Spanish phrase by phrase while maintaining its intended meaning as a whole.
15,text-15-7,en,es,1. ¿Qué observas sobre este fenómeno?,The sentence is a question asking about observations regarding a specific phenomenon. All parts of the sentence are natural language that require translation.
13,text-13-1,en,es,Tramo 1: Características e Interacciones de los Sistemas de la Tierra,"The phrase refers to observable and identifiable features and interactions within the Earth's various systems, such as the atmosphere, hydrosphere, biosphere, and geosphere. Each word can be directly translated into Spanish while keeping the meaning intact."
24,text-24-1,en,es,1. La imagen de arriba muestra cómo se distribuye el agua en la Tierra. ¿Cuánta agua en la Tierra es agua salada (agua salina)?,The text is straightforward and does not contain any math symbols or units that need special treatment. The entire sentence can be accurately translated into Spanish.
13,text-13-3,en,es,1.1 Patrones en las características de la Tierra (5.1.1),The title 'Patterns in Earth's Features' is a noun phrase that refers to patterns observed in the features of Earth. It should be translated to Spanish while maintaining the scientific and descriptive context.
19,text-19-0,en,es,movimientos de rodamiento que causan la mayor parte del daño.,"To accurately translate the phrase, I will ensure that the content is clear and retains its original meaning while changing only the language."
29,text-29-0,en,es,Tarea Final,"The phrase 'Final Task' should be translated into Spanish with consideration for its context as a task or assignment, which in Spanish translates to 'Tarea Final'."
13,text-13-5,en,es,1.3 Meteorización y erosión (5.1.3),The phrase 'Weathering and Erosion' contains nouns that should be translated to the target language to accurately convey the meaning.
13,text-13-4,en,es,1.2 Agua de la Tierra (5.1.2),"The phrase 'Earth’s Water' includes a noun which should be translated, while the section numbers remain unchanged. The number 5.1.2 is mathematical and should not be translated."
30,text-30-0,en,es,30,The number '30' does not require translation as it is already universally understood as a number.
20,text-20-1,en,es,"Volcanes Activos, Tectónica de Placas y el ""Cinturón de Fuego""","The topic involves geological concepts such as active volcanoes, plate tectonics, and a specific area known as the 'Ring of Fire'. Each of these terms are nouns or proper nouns that should be translated to Spanish using their equivalent terms: 'Volcanes Activos', 'Tectónica de Placas', and 'Cinturón de Fuego'. The definite article 'the' is translated as 'el'."
19,text-19-1,en,es,Los terremotos pueden crear formaciones terrestres en la superficie de la Tierra.,"The sentence describes the impact of natural events on geographical features. All the words in the sentence should be translated into Spanish, maintaining the focus on the potential for earthquakes to shape the land."
13,text-13-6,en,es,1.4 Interacciones entre Sistemas (5.1.4),The phrase 'Interactions between Systems' is a title and should be translated to maintain the context and meaning in the target language.
20,text-20-4,en,es,Los puntos representan volcanes activos.,"The sentence describes a concept about active volcanoes, and all elements are translatable to Spanish."
29,text-29-1,en,es,Dibuja un gráfico de barras para mostrar el agua salada en la Tierra comparada con el agua dulce en la Tierra.,"The text is asking to depict data through a bar graph. The task can be translated directly as it refers to a graphical representation of water types on Earth, which are nouns and the concept of graphing can be directly translated."
20,text-20-2,en,es,"Imagen de USGS, https://commons.wikimedia.org/wiki/File:Map_plate_tectonics_world.gif; dominio público","Although this text contains a URL and a credit for the image, the context indicates it's likely describing a source or reference for an image rather than a full sentence to be translated. However, proper nouns such as 'USGS' and the URL need to remain unchanged, and directives like 'public domain' should be translated to Spanish."
13,text-13-7,en,es,1.5 Impacto en los Humanos (5.1.5),The text 'Impact on Humans' is a phrase that needs to be translated into Spanish. It's important to maintain the meaning of 'impact' and refer correctly to 'humans' as 'humanos' in Spanish. The section reference '(5.1.5)' is purely numerical and does not require translation.
20,text-20-5,en,es,¿Qué notas sobre la ubicación de la mayoría de los volcanes mostrados?,"The sentence is a general inquiry about the locations of volcanoes and should be translated into Spanish accurately, maintaining the question format."
29,text-29-2,en,es,29,The provided text is a number which should remain unchanged in translation.
19,text-19-3,en,es,"Durante un terremoto, una falla puede deslizarse profundamente bajo tierra y no dejar evidencia en la superficie de que un terremoto ha ocurrido.","The sentence 'During an earthquake, a fault may slip deep underground and leave no evidence on the surface that an earthquake has occurred.' should be translated while maintaining the meaning and context. All nouns and verbs should be translated appropriately into Spanish."
19,text-19-2,en,es,Las montañas pueden formarse durante un terremoto cuando los bordes de las placas tectónicas se empujan entre sí.,"To accurately translate the sentence into Spanish, I need to ensure the key terms such as 'earthquake,' 'tectonic plates,' and 'mountains' are correctly translated to 'terremoto,' 'placas tectónicas,' and 'montañas.' The phrase maintains the causal relationship between the occurrence of earthquakes and the formation of mountains as the tectonic plates push together."
20,text-20-6,en,es,2. Las líneas oscuras representan los límites de las placas.,"When translating the sentence into Spanish, I need to ensure that the meaning is preserved by translating content words such as 'dark lines' and 'plate boundaries' accurately, while keeping the structure of the sentence intact."
13,text-13-8,en,es,"Imagen de Julius Silver, pixabay.com, CC0","The text provided appears to be a credit or attribution for an image, and the information includes a proper name and a website which should remain in their original form. Additionally, 'CC0' is a public domain dedication, which is recognized globally and should not be translated."
19,text-19-5,en,es,Fondo del Océano,"The phrase 'Ocean Floor' refers to the bottom surface of the ocean and both words are nouns. Therefore, it should be translated directly into the target language, Spanish."
13,text-13-10,en,es,Estos sistemas interactúan de múltiples maneras.,"In this sentence, 'systems' is a noun which can be translated to Spanish, as well as other words in the sentence."
13,text-13-9,en,es,"Los principales sistemas de la Tierra son la geosfera (roca sólida y fundida, suelo y sedimentos), la hidrosfera (agua y hielo), la atmósfera (aire) y la biosfera (seres vivos, incluidos los humanos).",The text describes Earth's major systems and uses specific scientific terms that need to be accurately translated into Spanish while maintaining the context.
20,text-20-7,en,es,¿Qué sabemos sobre los límites de las placas y los terremotos?,"The text is a question about the relationship between plate boundaries and earthquakes, which involves distinct scientific terms that should be directly translated into Spanish."
20,text-20-3,en,es,Preguntas de Enfoque,"The words 'Focus Questions' are a title indicating a specific section with questions to guide focus, and should thus be translated as a noun phrase into Spanish."
20,text-20-8,en,es,"Basado en lo que sabes sobre volcanes y terremotos,","The sentence 'Based on what you know about volcanoes and earthquakes,' uses nouns ('volcanoes' and 'earthquakes') that should be translated into Spanish, while maintaining the sentence structure and meaning."
10,text-10-0,en,es,¿Qué implica el Diseño de Ingeniería?,"To accurately translate the provided question into Spanish, it is important to understand that 'Engineering Design' can be directly translated as 'Diseño de Ingeniería,' maintaining the exact technical term. The rest of the sentence structure follows a straightforward word-for-word translation for clarity."
13,text-13-11,en,es,La meteorización y la erosión son ejemplos de interacciones entre los sistemas de la Tierra.,"This sentence contains concepts related to Earth's systems and processes, which should be translated into Spanish while maintaining their scientific meaning."
19,text-19-6,en,es,"En los océanos, las placas se separan en las dorsales oceánicas, causando volcanes, creando aberturas para que la lava suba, haga erupción y se enfríe.","The sentence explains a geological process involving mid-ocean ridges, plate movement, and volcanic activity. 'Plates', 'volcanoes', 'lava', and other nouns need to be translated to Spanish, while maintaining the original concept."
19,text-19-8,en,es,Esta es la razón por la cual hay una cadena montañosa que atraviesa los océanos.,"The sentence provided should be directly translated into Spanish, maintaining the meaning of the mountain range running through the oceans."
20,text-20-10,en,es,20,The number '20' is already in a universal format and does not need translation when converting from English to Spanish.
13,text-13-14,en,es,13,The number '13' is a numeral and should not be translated.
20,text-20-9,en,es,¿Qué predicciones se pueden hacer sobre los cambios en la superficie de la Tierra en el futuro?,"To provide an accurate translation, I will translate each part of the sentence into Spanish while ensuring the overall meaning is preserved. This means maintaining the core concept of predicting changes to Earth's surface over time."
13,text-13-12,en,es,"Algunas interacciones provocan deslizamientos de tierra, terremotos y erupciones volcánicas que impactan a los humanos y otros organismos.","Every part of the sentence should be translated, including nouns such as 'landslides', 'earthquakes', and 'volcanic eruptions', as well as the actions described in the sentence."
19,text-19-4,en,es,"Los terremotos en el océano pueden causar un tsunami, una gran ola de océano.","To translate the sentence accurately into Spanish while keeping the meaning and structure, each noun and descriptive word should be converted to its Spanish equivalent. 'Earthquakes' becomes 'Terremotos', 'ocean' is 'océano', 'tsunami' is already understood in Spanish, and 'large ocean wave' translates to 'gran ola de océano'."
10,text-10-2,en,es,Este proceso incluye una serie de componentes:,"The phrase consists of general terms ('process', 'includes', 'components') that can be directly translated, while keeping the noun 'components' plural."
10,text-10-1,en,es,"La ingeniería es un proceso creativo en el que se prueba cada nueva versión de un diseño y luego se modifica, basándose en lo aprendido hasta ese momento.",The sentence describes an engineering process where creativity and iterative testing and modification are involved. Every part of the sentence should be translated to convey the same meaning in Spanish.
10,text-10-3,en,es,1. Identificar el problema y definir criterios y restricciones.,The text is a sentence in English that includes a list format. It should be completely translated into Spanish.
19,text-19-9,en,es,Las placas al separarse causan terremotos.,"The English sentence contains nouns like 'plates' and 'earthquakes', which should be translated into Spanish for accuracy."
19,text-19-7,en,es,"A medida que más lava entra en erupción y empuja el fondo marino original hacia afuera, el fondo marino se expande y forma nueva corteza oceánica.","The sentence describes a geological process involving lava and the formation of new oceanic crust, which needs to be translated accurately while keeping all the technical terms intact."
19,text-19-10,en,es,La mayoría de las dorsales oceánicas se encuentran en lo profundo del mar.,"The phrase 'mid-ocean ridges' refers to a geographical feature, and the rest of the sentence is straightforward and should be translated directly."
13,text-13-13,en,es,Los humanos no pueden eliminar los peligros naturales; se pueden diseñar soluciones para reducir su impacto.,"To accurately translate the sentence into Spanish, it is important to note that 'humans' refers to people, 'eliminate natural hazards' implies removing or eradicating them, 'solutions' suggests methods or strategies, 'designed' refers to being created or planned, and 'reduce their impact' means to lessen their effects. Translating these concepts will ensure the meaning remains clear and accurate in Spanish."
10,text-10-4,en,es,2. Generando ideas para cómo resolver el problema.,The text is a phrase that needs to be translated from English to Spanish. All words should be translated as they are common vocabulary and do not include math or specific units.
19,text-19-11,en,es,La isla de Islandia se encuentra justo en la dorsal mesoatlántica.,'The island of Iceland sits right on the Mid-Atlantic ridge.' requires translating geographic locations and phrases into Spanish.
19,text-19-14,en,es,19,The number '19' remains the same in Spanish as numerals do not change with language.
19,text-19-12,en,es,"Dorsal Mesoatlántica por Mangwanani, dominio público",The phrase mentions 'Mid Atlantic Ridge' which is a proper noun and should be translated to its equivalent in Spanish while respecting grammar rules.
10,text-10-7,en,es,4. Construir y probar los prototipos.,The sentence is an action plan which involves building and testing. These verbs and nouns need to be translated accurately to Spanish.
19,text-19-13,en,es,El valle del rift en Islandia es parte de la Dorsal Mesoatlántica.,"The phrase 'rift valley in Iceland' and 'Mid-Atlantic Ridge' are proper nouns that refer to specific geological features; however, they can be translated to Spanish to fit the language context."
10,text-10-5,en,es,"Los ingenieros usan la investigación, la lluvia de ideas y la colaboración con otros para generar ideas para soluciones y diseños.","To accurately translate the sentence, it's important to maintain the meaning of key terms such as 'engineers', 'research', 'brainstorming', 'collaboration', 'ideas', 'solutions', and 'designs'. Each term needs to be translated into its Spanish equivalent while keeping the sentence structure coherent."
10,text-10-6,en,es,3. Utilizar criterios y restricciones para evaluar posibles soluciones de diseño e identificar la(s) que mejor aborden estos parámetros para el problema en contexto.,"This sentence involves terms related to design evaluation, which should be directly translated into Spanish following the same structure as the source text."
10,text-10-8,en,es,"Usando los datos recogidos, el ingeniero analiza qué tan bien los prototipos cumplen con los criterios y restricciones dados.","The sentence contains general English words that can be directly translated to Spanish since they have equivalent meanings. There are no proper nouns, math symbols or units that need special attention."
10,text-10-9,en,es,5. Sugerir o hacer mejoras en los prototipos para optimizar el diseño.,"The sentence is a straightforward instruction translated from English to Spanish, maintaining the structure and specificity of the instruction."
10,text-10-10,en,es,"En los estándares de Ciencia con Educación en Ingeniería (SEEd), los estándares específicos de ingeniería generalmente implican dos tipos de tareas:","The text describes specific engineering standards in the SEEd Standards, which can be translated directly into Spanish, as both 'science' and 'engineering education' are nouns that exist in Spanish."
10,text-10-13,en,es,La idea de desarrollar muchas soluciones posibles no está incluida porque se proporcionarán diversas soluciones.,The sentence needs to be translated while retaining the meaning that different solutions will be supplied.
10,text-10-15,en,es,10,The provided text '10' is a numeral and does not require translation as numerals remain the same across different languages.
10,text-10-12,en,es,"2. Si la norma incluye la idea de evaluar, entonces el proceso de diseño contendrá componentes de definir el problema (junto con la identificación de los criterios y restricciones) y optimizar una solución.","To translate the provided English text into Spanish, nouns like 'standard,' 'idea,' 'design process,' 'components,' 'problem,' 'criteria,' 'constraints,' and 'solution' should be translated while keeping the structure and meaning intact."
10,text-10-14,en,es,La idea de evaluar significa determinar la mejor solución entre las soluciones proporcionadas para la situación basándose en cumplir con los requisitos de criterios y restricciones.,"The sentence provided is a general statement about evaluation and does not contain any specific nouns or technical terms that need special translation considerations. Therefore, it can be directly translated to Spanish while maintaining the intended meaning."
18,text-18-2,en,es,El magma cerca de la superficie de la Tierra crea actividad volcánica.,"The phrase 'Earth’s surface' refers to a specific noun in English, and should be translated appropriately into Spanish, as well as the rest of the sentence."
18,text-18-1,en,es,"A lo largo del Cinturón de Fuego, las placas se superponen.","The sentence describes a geological phenomenon and includes the noun 'Ring of Fire', which should be translated accurately into Spanish while maintaining the meaning."
18,text-18-0,en,es,Los muchos volcanes y terremotos a lo largo del Anillo de Fuego son causados por la cantidad de movimiento de las placas tectónicas en la zona.,"The term 'Ring of Fire' is a noun and should remain in English because it refers to a specific region. The rest of the sentence, which describes geological activity, needs to be translated into Spanish."
18,text-18-6,en,es,Esto se llama rifteo continental.,"The phrase 'continental rifting' is a noun and should be translated to the target language, Spanish, while maintaining the same meaning."
18,text-18-4,en,es,Este tipo de límite genera una gran cantidad de terremotos a medida que la tensión en la corteza terrestre se acumula y se libera.,"The terms 'boundary', 'earthquakes', 'tension', and 'Earth's crust' refer to geological concepts that need to be translated accurately to maintain the original meaning in Spanish."
18,text-18-3,en,es,"La frontera entre las placas del Pacífico y de América del Norte (imagen del fenómeno) es un límite transformante, donde las placas se desplazan lateralmente una junto a la otra.","The sentence describes a geological concept, specifically a transform boundary between tectonic plates. Key terms like 'Pacific and North American Plates' and 'transform boundary' need to be translated accurately while keeping the scientific meaning intact."
18,text-18-8,en,es,Terremotos,The word 'Earthquakes' is a noun and should be translated to its equivalent in Spanish.
18,text-18-5,en,es,Las placas también pueden alejarse unas de otras dentro de un continente.,"In this sentence, 'Plates' refers to tectonic plates on a continent. The sentence states that these plates can move away from each other. The key terms to translate are 'Plates', 'move away', and 'continent'. The concept should maintain its meaning in the context of geology."
11,text-11-0,en,es,Tabla de contenidos,"The phrase 'Table of Contents' is a common English phrase referring to a section at the beginning of a book or document that lists the chapters or sections with their respective page numbers. In Spanish, this phrase is typically translated to maintain the same meaning."
11,text-11-2,en,es,13,The text '13' is a number and should remain unchanged in translation.
18,text-18-7,en,es,"Cuando esto ocurre, la corteza se adelgaza, se rompe y luego se divide.","Each part of the sentence should be translated into Spanish while maintaining the original structure: 'When this happens' translates to 'Cuando esto ocurre', 'the crust thins' to 'la corteza se adelgaza', 'breaks, and then splits apart' to 'se rompe y luego se divide'."
11,text-11-1,en,es,CAPÍTULO 1-Sistemas de la Tierra,"The phrase 'CHAPTER 1-Earth’s Systems' includes a title and a possessive noun that should be translated into Spanish. 'CHAPTER 1' translates to 'CAPÍTULO 1', and 'Earth’s Systems' is translated to 'Sistemas de la Tierra'."
18,text-18-10,en,es,Los terremotos pueden causar cambios repentinos que alteran dramáticamente el paisaje de la Tierra.,"The sentence discusses the impact of earthquakes, which is a noun, on the Earth's landscape. Both the term 'earthquake' and 'Earth' are nouns in this context and should be translated accurately into Spanish."
11,text-11-4,en,es,15,"Since '15' is a number, it should appear the same in the Spanish translation."
18,text-18-12,en,es,"Las porciones de la corteza terrestre se mueven, creando ondas.","The text refers to a geological process involving Earth's crust, which should be translated into Spanish as it describes a scientific concept."
18,text-18-11,en,es,"Tremendas fuerzas bajo la superficie de la Tierra acumulan presión, que se libera en ondas a lo largo de una falla.","The sentence contains a scientific description of geological phenomena, specifically referring to forces and processes related to faults. All the words in the sentence are nouns and verbs that should be translated into Spanish."
11,text-11-8,en,es,31,The number '31' is a numerical value and does not need translation.
11,text-11-3,en,es,Patrones en las características de la Tierra (5.1.1),"The title 'Patterns in Earth’s Features' refers to a general description of patterns related to geological characteristics of the Earth. The addition '(5.1.1)' is likely to be a course or section code and should not be translated. Therefore, only the actual noun-based title 'Patterns in Earth’s Features' should be translated."
11,text-11-7,en,es,1.3 Meteorización y Erosión (5.1.3),The phrase 'Weathering and Erosion' is a noun phrase and should be translated entirely to Spanish as they are common processes studied in geology.
11,text-11-5,en,es,1.2 Agua de la Tierra (5.1.2),"The phrase 'Earth’s Water' is referring to a noun, specifically it is indicating the water found on the planet Earth, and should be translated accordingly, while 1.2 and (5.1.2) are section numbers and should remain unchanged."
18,text-18-15,en,es,"En un terremoto, las ondas internas son responsables de los golpes bruscos.",The sentence describes the role of body waves in earthquakes and should be translated while preserving the meaning and context.
18,text-18-13,en,es,Algunas de las ondas son ondas superficiales porque viajan a lo largo de la superficie de la Tierra.,"To accurately translate this sentence, we need to understand that 'surface waves' and 'Earth' are specific nouns referring to a type of wave and the planet respectively, and should be translated into their Spanish equivalents. Thus, 'surface waves' becomes 'ondas superficiales' and 'Earth' becomes 'Tierra'."
18,text-18-16,en,es,Las ondas superficiales son responsables de la,"The phrase does not contain any mathematical symbols or units, hence, it can be directly translated into Spanish by converting each word into its equivalent in the target language."
11,text-11-6,en,es,23,The text '23' is a number and does not require translation.
18,text-18-14,en,es,"Otras ondas, llamadas ondas de cuerpo, viajan a través del interior de la Tierra.","The phrase 'body waves' refers to a specific type of wave in geology, so it should be translated directly into Spanish as 'ondas de cuerpo'. The word 'Earth' should be translated with its noun form 'la Tierra'."
18,text-18-9,en,es,"Los terremotos son ondas de energía que atraviesan la Tierra causadas por un desplazamiento repentino de las placas tectónicas a lo largo de las líneas de falla, una larga grieta en la superficie de la Tierra.","To ensure accurate translation of the sentence about earthquakes, I must translate all descriptive and explanatory elements while keeping the scientific terminology intact and recognizing proper nouns."
18,text-18-18,en,es,18,The number '18' should remain unchanged as it is a numerical value.
11,text-11-11,en,es,1.5 Impacto en los Humanos (5.1.5),The phrase 'Impact on Humans' contains nouns and should be translated into Spanish while keeping its context accurate.
11,text-11-9,en,es,1.4 Interacciones entre Sistemas (5.1.4),"The section title 'Interactions between Systems' is a general phrase that describes a topic without specific technical terms, so it can be directly translated into Spanish."
11,text-11-13,en,es,CAPÍTULO 2-Propiedades y Cambios en la Materia,The text 'CHAPTER 2-Properties and Changes in Matter' should be translated in its entirety as it consists of a title with nouns that should be translated to Spanish.
11,text-11-14,en,es,57,The number '57' is a numeral and should not be translated as it represents a quantity.
18,text-18-17,en,es,"Cinturón de Fuego del Pacífico por Gringer, https://en.wikipedia.org/wiki/File:Pacific_Ring_of_Fire.svg, dominio público","The sentence contains a proper noun 'Pacific Ring of Fire' which should be directly translated into Spanish while keeping the importance of its geophysical significance intact. Additionally, the associated author's name 'Gringer' and the URL should remain unchanged. The term 'public domain' is a common term that can be adequately translated into Spanish to convey the same meaning."
11,text-11-12,en,es,49,The number does not need translation as it's the same in Spanish.
11,text-11-16,en,es,59,The number '59' does not need translation as it is a numeric figure.
11,text-11-10,en,es,41,The number 41 does not require translation as numbers are universal.
11,text-11-15,en,es,Demasiado pequeño para ver,"The text 'Too Small to See' needs to be translated into Spanish. It is a statement and does not contain any units or math symbols that would need to be left as is. Therefore, it should be fully translated."
11,text-11-18,en,es,67,The number '67' is a numeral and does not change with translation.
11,text-11-17,en,es,2.2 Identificación de Sustancias (5.2.2),"This text includes a header indicating a section title. It includes numeric identifiers and should be translated entirely, maintaining the format of section titles."
23,text-23-1,en,es,Fenómeno,"The word 'Phenomenon' is a noun and should be translated to the target language, which is Spanish."
11,text-11-20,en,es,73,The number '73' is not a language-specific term and does not need to be translated.
11,text-11-22,en,es,79,The number '79' is a numeral and should not be translated.
11,text-11-21,en,es,2.4 Conservación de la Materia (5.2.4),The phrase 'Conservation of Matter' is a scientific term and should be translated accurately into Spanish. The numerical identifiers should not be translated.
11,text-11-24,en,es,85,The number '85' is a numerical value and does not need translation.
23,text-23-3,en,es,Agua salada y agua dulce,The terms 'Saltwater and freshwater' consist of nouns that should be translated into Spanish.
23,text-23-0,en,es,1.2 Agua de la Tierra (5.1.2),"The title 'Earth’s Water' should be translated into Spanish as it is a noun, but numerical values such as '1.2' and '5.1.2' should remain unchanged because they are section identifiers."
11,text-11-19,en,es,2.3 Combinando Sustancias (5.2.3),"The text consists of a title with a numeric value, which should be converted to the same value in the target language, except for the numbers and the section code which remain unchanged."
23,text-23-4,en,es,Agua Total en la Tierra,"The phrase 'Total Water on Earth' refers to a noun, specifically the quantity of all water present on the planet, and should be translated appropriately into Spanish."
11,text-11-23,en,es,CAPÍTULO 3 - Ciclo de la Materia en los Sistemas de la Tierra,The provided text is a title indicating a chapter of a book. The nouns and context should be fully translated to convey the meaning of the chapter title in Spanish.
11,text-11-26,en,es,87,The text '87' is a number and should not be translated as it is a numeral.
23,text-23-5,en,es,97%,The percentage symbol and numbers should remain unchanged as they are standard mathematical notations.
23,text-23-2,en,es,"La mayoría del agua que se encuentra en la Tierra es agua salada, no agua dulce.","To translate the text accurately, it is important to identify that 'water', 'saltwater', and 'freshwater' are nouns that need to be translated into the target language."
11,text-11-25,en,es,3.1 Plantas de Construcción (5.3.1),The text 'Building Plants (5.3.1)' is a title and consists of nouns that should be translated. The number '5.3.1' remains unchanged as it is a reference or section number.
23,text-23-7,en,es,3%,"The percentage symbol '%' should not be translated, it should remain the same in Spanish."
10,text-10-11,en,es,"Si el estándar incluye la idea de diseñar, entonces el proceso de diseño contendrá componentes de definición del problema (junto con la identificación de los criterios y restricciones), desarrollando muchas soluciones posibles, y optimizando una solución (por ejemplo, determinando la mejor solución para la situación basada en los criterios y restricciones, probando la solución, refinando la solución).","To accurately translate the text, it's important to maintain the technical terms related to the design process, such as 'defining the problem,' 'criteria and constraints,' 'developing solutions,' and 'optimizing a solution.' These concepts are crucial to the context of the text and must be preserved in the translation."
23,text-23-6,en,es,agua salina (océanos),"The phrase 'saline water (oceans)' contains a noun which refers to ocean water, and should be translated into Spanish with the appropriate term for 'saline water' and 'oceans'."
11,text-11-28,en,es,95,The number '95' is a numeral and does not change with language translation. Numerals should be kept the same when translating.
11,text-11-29,en,es,Movimiento de la materia (5.3.3),The title 'Movement of Matter' refers to a subject and should be translated into Spanish as well.
25,text-25-0,en,es,5.1.2 Agua de la Tierra,"The phrase 'Earth's Water' should be translated into Spanish, with 'Earth' translated as 'Tierra' and 'Water' translated as 'Agua'."
23,text-23-9,en,es,Casquetes polares y glaciares 68.7%,"The text provided consists of nouns and a numeric value with a percentage sign. The nouns 'Icecaps' and 'Glaciers' should be translated into the target language, which is Spanish, while the numeric value and the percentage sign remain unchanged."
11,text-11-27,en,es,3.2 Consumiendo Alimentos (5.3.2),"The phrase 'Consuming Food' is a general phrase that needs to be accurately translated to communicate the idea of eating, while the numbers in '3.2' and '5.3.2' are likely referencing sections or chapters and should remain unchanged."
23,text-23-8,en,es,Agua dulce,The term 'Fresh water' is a noun and should be translated to Spanish. The appropriate translation is 'agua dulce'.
11,text-11-32,en,es,109,This is a numerical value that does not change when translating languages.
11,text-11-30,en,es,101,"The text '101' is a number, and numbers typically remain the same across different languages. Therefore, there is no need for translation."
23,text-23-10,en,es,Agua subterránea 30.1%,'Ground Water' is a noun phrase that should be translated to Spanish as 'Agua subterránea'. The percentage '30.1%' remains unchanged as it is a numerical value.
11,text-11-31,en,es,3.4 Conservación de recursos (5.3.4),'Conserving Resources' is a phrase that should be translated as it is relevant to the context of sustainability.
25,text-25-1,en,es,Usar las matemáticas y el pensamiento computacional para comparar la cantidad de agua salada y agua dulce en varios reservorios para proporcionar evidencia de la distribución del agua en la Tierra.,The task is to translate the provided English text into Spanish while maintaining the original meaning and context.
23,text-23-11,en,es,Otros 0.9%,"The text is a string that contains a numerical percentage, which should be kept as is. The word 'Other' is an English noun and should be translated to Spanish."
11,text-11-33,en,es,11,The number '11' is a numeral and should not be translated into Spanish; it remains the same.
23,text-23-13,en,es,87% Lagos,The percentage symbol and the word 'Lakes' need to be translated into Spanish while maintaining the numerical and symbol formatting.
23,text-23-12,en,es,Agua superficial,The phrase 'Surface Water' consists of two words: 'Surface' and 'Water'. Both are nouns and should be translated to their Spanish equivalents.
25,text-25-2,en,es,"Enfatizar reservorios como océanos, lagos, ríos, glaciares, aguas subterráneas y casquetes polares.","To translate the given sentence accurately, it's important to recognize specific geographical features such as 'oceans,' 'lakes,' 'rivers,' 'glaciers,' 'groundwater,' and 'polar ice caps,' which are common geographical terms and should be translated to their equivalent Spanish words."
23,text-23-14,en,es,11% Pantanos,The word 'Swamps' is a noun and should be translated to the target language.
25,text-25-3,en,es,"Los ejemplos de usar matemáticas y pensamiento computacional podrían incluir medir, estimar, graficar o encontrar porcentajes de cantidades.","The text discusses examples of using mathematics and computational thinking, which all need to be translated into Spanish appropriately. All the key concepts such as measuring, estimating, graphing, and finding percentages of quantities should be accurately represented in Spanish."
23,text-23-15,en,es,2% Ríos,"The phrase contains a percentage and a noun 'Rivers'. The percentage and noun should be translated into the target language, Spanish."
25,text-25-6,en,es,¿Dónde está el agua de la Tierra?,"The text is asking about the location of Earth's water, and every word here needs to be translated literally to Spanish."
25,text-25-4,en,es,(ESS2.C),"The text '(ESS2.C)' appears to be a code or label, possibly related to a scientific standard or classification system. Such codes are typically not language specific and should be kept as is in the translation."
25,text-25-5,en,es,"En esta sección, concéntrese en comparar la cantidad de agua salada con el agua dulce que se encuentra en la Tierra.","The task is to translate the provided English text into Spanish. The key nouns and concepts involve the comparison of 'saltwater' and 'freshwater', and an Earth context. These should be accurately represented in Spanish as 'agua salada', 'agua dulce', and 'la Tierra'."
23,text-23-16,en,es,"La mayor parte del agua en la Tierra es agua salada (97%), y solo una pequeña parte es agua dulce (3%).","This text describes the distribution of water on Earth, mentioning both 'saltwater' and 'freshwater.' These are key terms that need to be translated accurately to maintain the meaning in the context of Earth's hydrosphere."
25,text-25-8,en,es,"sobre la Tierra en el aire y las nubes (atmósfera),","The phrase describes a location related to Earth's atmosphere, which needs to be translated accurately into the target language, ensuring all nouns and contextual elements are properly translated."
25,text-25-7,en,es,El agua de la Tierra está (casi) en todas partes.,"The phrase 'Earth's water is (almost) everywhere' involves a simple translation from English to Spanish. The key term here is 'Earth,' which is a proper noun and should be translated into 'Tierra' in Spanish. The rest of the sentence can be translated word for word."
25,text-25-10,en,es,"plantas, en organismos vivos (biosfera),","The phrase 'plants, in living organisms (biosphere),' is a phrase identifying plants as part of the biosphere, which is comprised of living organisms. This should be translated maintaining the context and meaning."
17,text-17-0,en,es,5.1.1 Patrones en las características de la Tierra,"The text is a title referring to patterns in Earth's features. All parts, including 'Earth', should be translated into Spanish as they are nouns that have Spanish equivalents."
23,text-23-19,en,es,1. ¿Qué estás observando acerca de este fenómeno?,The question 'What are you observing about this phenomenon?' should be translated into Spanish while maintaining its inquisitive context. It is a complete question that requires a direct translation without losing the intent.
23,text-23-17,en,es,"Imagen de Mariana Ruiz Villarreal (LadyofHats) para la Fundación CK-12, CC BY-NC 3.0",The text provided is a credit line for an image created by Mariana Ruiz Villarreal (LadyofHats) and includes a licensing detail. The important elements to translate are nouns and any descriptive text while preserving names and licensing codes as they are universally recognized in English.
25,text-25-12,en,es,25,"The text '25' is a numerical value and does not require translation. Therefore, it is directly used as is in Spanish."
25,text-25-9,en,es,"en la superficie de la Tierra en ríos, océanos, hielo (hidrosfera)","The sentence contains geographical and scientific terms related to Earth's features, like 'rivers', 'oceans', 'ice', and 'hydrosphere', which should be translated accurately to convey the correct meaning in Spanish."
17,text-17-1,en,es,Analizar e interpretar datos para describir patrones de las características de la Tierra.,"To provide an accurate translation, I need to consider the meaning and context of each word in the text. The phrase ""Analyze and interpret data to describe patterns of Earth's features"" requires translating the verbs, nouns, and the possessive form accurately into Spanish."
23,text-23-20,en,es,2. ¿Qué te preguntas sobre este fenómeno?,"The sentence is straightforward and there are no special considerations such as names, units, or math symbols in this case. It should be fully translated into the target language."
25,text-25-11,en,es,y dentro de la Tierra (geosfera).,"The sentence contains the noun 'Earth' and the noun 'geosphere.' Both should be translated to their Spanish equivalents: 'Tierra' and 'geosfera', respectively."
23,text-23-21,en,es,23,The number '23' is not a word or phrase that requires translation; it remains the same in Spanish.
23,text-23-18,en,es,Observaciones y reflexiones,The phrase 'Observations & Wonderings' consists of nouns that should be translated to Spanish while keeping their sense intact.
17,text-17-2,en,es,"La mayoría de los terremotos y volcanes ocurren en bandas que a menudo se encuentran a lo largo de los límites entre continentes y océanos, mientras que las principales cadenas montañosas pueden encontrarse dentro de los continentes o cerca de sus bordes.","To accurately translate the provided text into Spanish, it is important to maintain the integrity of geographical terms such as 'earthquakes', 'volcanoes', 'continents', 'oceans', and 'mountain chains'. These terms have direct equivalents in Spanish and should be translated accordingly. Additionally, the structure of the sentence should be preserved to convey the same meaning in Spanish."
17,text-17-3,en,es,"Ejemplos de datos podrían incluir mapas que muestren las ubicaciones de montañas en los continentes y el fondo oceánico, o las ubicaciones de volcanes y terremotos.","This sentence includes a description of types of data, referring to geographic and geological features, which should be translated into Spanish."
17,text-17-10,en,es,Más de la mitad de la superficie de la Tierra está compuesta de roca volcánica.,"The sentence describes a fact about Earth's surface composition, mentioning 'volcanic rock' as a noun that needs to be translated accurately to Spanish."
28,text-28-0,en,es,Juntándolo Todo,"The phrase 'Putting It Together' can be translated directly into Spanish, maintaining the general meaning of combining elements or assembling parts."
28,text-28-1,en,es,Agua salada y agua dulce,"The text consists of English nouns 'Saltwater' and 'freshwater', which should be translated into Spanish nouns for an accurate translation."
17,text-17-9,en,es,Los volcanes cambian la superficie de la Tierra en un corto período de tiempo.,The sentence is stating a fact about how volcanoes affect the Earth's surface and needs to be translated into Spanish.
17,text-17-8,en,es,"Los volcanes son aberturas en la corteza terrestre que permiten que la roca caliente y derretida (magma), cenizas y gases erupcionen hacia afuera.","The sentence describes what volcanoes are, and all the components mentioned such as 'openings', 'crust', 'rock', 'magma', 'ash', and 'gases' are nouns that need to be translated into Spanish. The overall context is about natural phenomena."
17,text-17-7,en,es,Volcanes,The word 'Volcanoes' is a noun and should be translated to the target language.
17,text-17-12,en,es,¿Sabes cómo se forma un volcán?,The sentence is asking about the formation of a volcano. All words can be directly translated into Spanish.
28,text-28-2,en,es,Agua total en la Tierra,The phrase 'Total Water on Earth' can be translated directly as it refers to the entire quantity of water present on the planet.
17,text-17-13,en,es,"Muy por debajo de la superficie de la Tierra, las temperaturas son lo suficientemente altas como para derretir la roca.",The sentence describes a geological phenomenon where high temperatures melt rock below Earth's surface. The translation must capture both the geological context and the thermal conditions accurately in Spanish.
27,text-27-0,en,es,"aire (como vapor de agua), ríos y lagos, capas de hielo y glaciares, el suelo (como humedad del suelo y en acuíferos).","The words in the list are nouns and refer to different water sources and states, which need to be translated into Spanish."
28,text-28-3,en,es,97%,"The percentage symbol '%' is a universal symbol and should not be translated, but the text around it should be if necessary."
27,text-27-1,en,es,Agua dulce,The word 'Freshwater' is a noun that describes water that is not salty and should be translated to the target language.
28,text-28-4,en,es,Agua salina (océanos),The phrase includes the noun 'Saline water' with an additional specification in parenthesis 'oceans'. These should be translated accurately into Spanish.
17,text-17-15,en,es,Algunas erupciones derraman ríos de lava mientras que otros volcanes tienen erupciones más grandes.,"The sentence describes different types of volcanic eruptions, and both 'eruptions' and 'volcanoes' are nouns that need to be accurately translated into Spanish."
27,text-27-2,en,es,"Aunque solo puedas notar agua en la superficie de la Tierra, hay más agua dulce almacenada en el suelo que en forma líquida en la superficie.","When translating this sentence into Spanish, it is important to maintain the informational context. The concepts of Earth's surface, freshwater, ground, and liquid form are straightforward to translate."
28,text-28-5,en,es,3%,"Percentage symbols should not be altered during translation, and the numerical value remains the same in Spanish."
27,text-27-4,en,es,El agua de la precipitación se filtra continuamente en el suelo para llenar los acuíferos (reservorios subterráneos).,The sentence describes a natural process and includes terms that need to be translated into Spanish.
17,text-17-16,en,es,"Los volcanes pueden entrar en erupción bajo el agua, formando enormes cadenas de montañas volcánicas en el fondo del océano.","The sentence describes volcanoes, which are a type of geological feature. 'Volcanoes' and 'mountains' are nouns that should be translated into Spanish, as well as the actions associated with them, like 'erupt' and 'forming'. There are no math symbols or units in this sentence that should remain unchanged."
27,text-27-3,en,es,"De hecho, parte del agua que ves fluir en los ríos proviene del agua que se filtra en la superficie de la Tierra para convertirse en agua subterránea.",The sentence describes the natural water cycle involving rivers and groundwater. Every word and phrase must be checked to ensure accurate translation into Spanish.
17,text-17-17,en,es,Cinturón de Fuego del Pacífico.,"'Pacific Ring of Fire' is a proper name for a geographical area known for its volcanic activity and earthquakes, and in Spanish, the common translation for it is 'Cinturón de Fuego del Pacífico'."
17,text-17-14,en,es,"La roca fundida sale de las grietas en la corteza terrestre, resultando en un volcán.","The text describes a geological process involving 'melted rock', 'cracks', and 'volcano', all of which are nouns and should be translated accurately into Spanish."
28,text-28-6,en,es,Agua dulce,The phrase 'Fresh water' should be translated into Spanish as it consists of common nouns.
17,text-17-11,en,es,Los volcanes son evidencia de que vivimos en un planeta activo y cambiante.,The sentence discusses volcanoes as evidence of the Earth's active nature. All parts of the sentence need to be translated into Spanish while keeping the scientific context intact.
17,text-17-6,en,es,"Volcanes, Terremotos, y Fondo del Océano","The words 'Volcanoes,' 'Earthquakes,' and 'Ocean Floor' are nouns and should be translated to the target language."
28,text-28-7,en,es,Casquetes de hielo y glaciares,"The words 'Icecaps' and 'Glaciers' are nouns and should be translated to the target language, Spanish, as they refer to natural geographical formations."
17,text-17-19,en,es,La corteza terrestre está dividida en una serie de secciones masivas llamadas placas.,The sentence includes a noun phrase 'plates' describing Earth's crust which needs to be translated accurately into Spanish.
17,text-17-18,en,es,La mayoría de los terremotos y erupciones volcánicas ocurren a lo largo de los bordes del Océano Pacífico (ver imagen abajo).,"The sentence identifies locations and a geographic feature called the 'Pacific Ocean,' which should be translated accurately into Spanish. Other parts of the sentence are straightforward to translate."
28,text-28-8,en,es,68.7%,The percentage symbol and numeric value should remain the same while the surrounding text would be translated if there was any.
27,text-27-6,en,es,Los humanos utilizan tanto el agua superficial como el agua subterránea.,"The sentence mentions humans, surface water, and groundwater. All these nouns should be translated into Spanish, maintaining the same meaning."
17,text-17-5,en,es,"En este capítulo, veremos los diferentes patrones que observamos en las características de la Tierra.","The phrase 'Earth's Features' refers to geophysical elements, so it should be translated to Spanish in the same way. The rest of the sentence should follow standard translation practices for converting English texts to Spanish."
28,text-28-9,en,es,Agua subterránea,"The term 'Ground Water' is a noun and should be translated to the target language, which is Spanish."
17,text-17-20,en,es,"Los movimientos de estas placas pueden explicar cambios notables en la Tierra, como terremotos, erupciones volcánicas y la formación de montañas.","In this sentence, the specific nouns such as 'Earth' and terms related to geology and plate tectonics need to be translated accurately to convey the proper meaning in Spanish."
27,text-27-5,en,es,mientras que al mismo tiempo el agua en el suelo llena continuamente los ríos a través de la filtración.,"To translate the sentence into Spanish, we need to ensure that all parts of the sentence maintain their meaning and structure in the target language."
28,text-28-10,en,es,30.1%,"The percentage symbol in the text should not be translated. The number should maintain the same format, but the word 'percent' is translated to the target language as 'por ciento'."
27,text-27-8,en,es,y alrededor de 79.3 mil millones de galones (300.2 mil millones de litros) de agua subterránea por día.,"The measurement units 'gallons' and 'liters' are included in the text, but the contextual words should be translated into Spanish. Ensure the numeric values and measurement units remain unaltered."
28,text-28-11,en,es,Otro,This is an English word 'Other' which needs to be translated into Spanish.
17,text-17-22,en,es,https://www.nationalgeographic.org/encyclopedia/ring-fire/,"The URL is an address, not a text that can be translated. URLs remain the same across languages as they are universal links."
27,text-27-7,en,es,"En los Estados Unidos en 2010, usamos alrededor de 275 mil millones de galones (1,041 mil millones de litros) de agua superficial por día.","When translating the text, units like 'gallons' and 'liters' are already in their Spanish form 'galones' and 'litros'. The numerical values should remain unchanged."
17,text-17-23,en,es,https://www.nationalgeographic.org/topics/resource-library-plate-tectonics/?q=&page=1&per_page=25,The input is a URL and URLs are universal identifiers that do not get translated between languages.
17,text-17-24,en,es,17,The input '17' is a numeral and should not be translated as it is universally understood as a number.
28,text-28-13,en,es,Agua Superficial,"The phrase 'Surface Water' is a noun and should be translated completely to the target language, Spanish."
28,text-28-12,en,es,0.9%,"The text '0.9%' is a numeric value followed by a percentage symbol. In Spanish, the percentage symbol and numeric values remain the same."
27,text-27-9,en,es,"Aunque el agua superficial se utiliza más a menudo para abastecer agua potable y regar cultivos,",Surface water and related terms are translated directly to their Spanish equivalents without altering meaning. The phrase structure is maintained to ensure clarity and consistency in the translation.
27,text-27-12,en,es,27,The input '27' is a numeral and numerals are typically the same across languages and do not need translation.
27,text-27-11,en,es,como en las ciudades desérticas del oeste de los Estados Unidos.,"The sentence describes a specific geographical location and the term 'western United States' is a proper noun and should be translated correctly into Spanish, maintaining its meaning."
17,text-17-21,en,es,Esta sección está adaptada de la información en:,"The provided text is an indication of source information, and should be translated fully into Spanish."
28,text-28-17,en,es,Pantanos,'Swamps' is a noun and should be translated to the target language.
28,text-28-14,en,es,0.3%,The percentage value '0.3%' is a numerical representation and should not be translated but remain the same in the translation.
28,text-28-16,en,es,87%,The percentage symbol '%' is not a language-specific symbol and should remain the same in the translation.
28,text-28-19,en,es,Ríos,The word 'Rivers' is a noun and should be translated to the target language.
28,text-28-20,en,es,2%,"Percentage symbols should not be translated, but percentages usually read as 'por ciento' in Spanish."
28,text-28-23,en,es,Preguntas de enfoque,Both words 'Focus' and 'Questions' are nouns and need to be directly translated into Spanish.
28,text-28-24,en,es,1. Enumera tres lugares donde se encuentra agua dulce en la Tierra.,'Freshwater' is a noun that refers to a category of water resources; the locations listed should also be translated into the target language for accuracy.
26,text-26-0,en,es,Aquí hay un gráfico que muestra la distribución del agua en la Tierra.,"The phrase 'Here is a chart showing the distribution of water on Earth' needs to be translated into Spanish, focusing on accurate translation of nouns and maintaining the general meaning of the sentence."
17,text-17-4,en,es,(ESS2.B),The references such as 'ESS2.B' are typically used as identifiers and should be kept intact without translation.
28,text-28-26,en,es,28,"The text '28' consists of a numeric value that does not change in translation. The context of the number will determine if it should be translated differently, such as a date or ordinal number, but without further context, '28' remains '28'."
28,text-28-25,en,es,¿Qué recursos hídricos contribuyen al agua superficial de la Tierra?,"To translate this question into Spanish, we need to consider the translation of subject-specific terms such as 'water resources' and 'surface water'. 'Water resources' translates to 'recursos hídricos', and 'Earth's surface water' translates to 'agua superficial de la Tierra'. It is important to maintain the meaning and context of the question."
28,text-28-15,en,es,Lagos,"The word 'Lakes' is a noun and should be translated to the target language, Spanish."
28,text-28-21,en,es,"La mayor parte del agua en la Tierra es agua salada (97%), y sólo una pequeña parte es agua dulce (3%).","The sentence contains information about water distribution on Earth, distinguishing between saltwater and freshwater. Both 'saltwater' and 'freshwater' are common nouns that require translation into Spanish, and the percentages remain numeric."
28,text-28-22,en,es,"Imagen de Mariana Ruiz Villarreal (LadyofHats) para la Fundación CK-12, CC BY-NC 3.0","The text contains a proper noun, the author's name, and an organization. These should be translated accordingly. The licensing information (CC BY-NC 3.0) should remain unchanged as it is a license code."
26,text-26-7,en,es,Océanos 96.5%,"The text contains a percentage that indicates a portion related to oceans. The word 'oceans' should be translated into Spanish as 'océanos', while the percentage remains unchanged as it is a numeral value."
26,text-26-4,en,es,Los ríos constituyen el 0.49% del agua dulce superficial.,"The sentence is providing a percentage related to rivers, which we need to translate to Spanish, ensuring the meaning remains the same."
26,text-26-3,en,es,• La columna derecha muestra la descomposición del agua dulce superficial. La mayor parte del agua dulce superficial se encuentra en hielo y otro 20.9% se encuentra en lagos.,"To translate the text accurately, identify key elements such as nouns and figures. Translate 'right column', 'breakdown', 'surface freshwater', 'ice', and 'lakes' to Spanish, and maintain the percentage figure as it is."
26,text-26-8,en,es,Agua dulce 2.5%,The phrase 'Freshwater' is a noun and should be translated to the target language. The percentage is a numerical value and remains the same.
26,text-26-11,en,es,Agua subterránea 30.1%,'Groundwater' is a noun and should be translated to the target language. Percentages are simply units and should be presented in the same manner.
26,text-26-10,en,es,Glaciares y casquetes polares 68.7%,"The phrase 'Glaciers and ice caps' refers to large bodies of ice and should be translated accordingly, while the percentage remains the same as it is a numerical value."
26,text-26-2,en,es,"La columna del medio muestra la descomposición del agua dulce. Casi toda se encuentra en el hielo y en el suelo. Solo un poco más del 1.2% de toda el agua dulce es agua superficial, que proporciona la mayor parte de las necesidades de la vida.","The text describes the distribution of freshwater, stating that most is in ice and the ground, with a small percentage as surface water. Each component of the sentence should be translated carefully with accurate preservation of the proportions described."
26,text-26-12,en,es,Superficie/otros de agua dulce 1.2%,The text contains numerical data and percentages along with the term 'freshwater' which is a noun that should be translated to Spanish.
26,text-26-17,en,es,Ríos 0.49%,"The word 'Rivers' is a noun and should be translated to the target language, while the numerical and percentage information remains unchanged."
26,text-26-9,en,es,Otra solución salina 0.9%,"Words like 'Other', 'saline' and 'water' should be translated into Spanish, while the percentage '0.9%' should remain the same."
26,text-26-15,en,es,Humedad del suelo 3.8%,"The term 'soil moisture' refers to the amount of water contained in the soil, which is a noun and should be translated. The numeric value and percentage symbol are consistent between languages and do not require translation."
26,text-26-14,en,es,Lagos 20.9%,"The word 'Lakes' should be translated as it is a noun, and the percentage should remain unchanged because it is numerical data."
26,text-26-1,en,es,"• En la primera columna, observe que el 2.5% del agua de la Tierra es agua dulce, la cantidad necesaria para que la vida sobreviva.",The sentence provides information about Earth's water distribution and mentions a percentage which should remain unchanged. The term 'Earth's water' can be translated directly to 'el agua de la Tierra'.
26,text-26-19,en,es,Atmósfera 3.0%,The term 'Atmosphere' is a noun and should be translated into Spanish. The percentage does not need any translation.
26,text-26-20,en,es,Total de agua global,"The phrase 'Total global water' is about the entirety of water available globally, where 'water' is a noun that should be translated to Spanish as 'agua'."
26,text-26-16,en,es,"Pantanos, marismas 2.6%",The terms 'Swamps' and 'marshes' are nouns and should be translated into Spanish as 'Pantanos' and 'marismas'. The percentage symbol should remain the same as it is universally used.
26,text-26-18,en,es,Seres vivos 0.26%,"The phrase 'Living things' refers to nouns such as animals, plants, or organisms and should be translated to Spanish. The percentage number is a numeric value and should remain unchanged."
26,text-26-13,en,es,Hielo del suelo y permafrost 69.0%,"The phrase 'Ground ice and permafrost' describes natural phenomena that should be translated into the target language, while '69.0%' remains the same as it is a numerical value."
26,text-26-22,en,es,Agua superficial y otros tipos de agua dulce,The phrase 'Surface water and other freshwater' contains nouns that are common and should be translated to their Spanish equivalents. 'Surface water' is translated to 'agua superficial' and 'other freshwater' is translated to 'otros tipos de agua dulce'.
28,text-28-18,en,es,11%,The text '11%' is a percentage and should remain as is because numbers and symbols should not be translated.
26,text-26-28,en,es,26,The number '26' is universally understood as a numeral and does not require translation.
26,text-26-21,en,es,Agua dulce,"The word 'Freshwater' is a noun in English and should be translated to the equivalent noun in Spanish, which is 'Agua Dulce'."
26,text-26-26,en,es,"Alrededor del 71 por ciento de la superficie de la Tierra está cubierta por agua, y los océanos contienen alrededor del 96 por ciento de toda el agua de la Tierra.","The passage includes percentages and units of measurement which do not need to be translated, but the contextual text needs to be translated into Spanish. Additionally, the noun 'Earth' should be translated."
26,text-26-24,en,es,"¿Cuánta agua hay en, sobre y por encima de la Tierra?","The phrase is asking for the amount of water present on, in, and above Earth, all terms which can be translated directly into Spanish without any specific nuances that need to be considered."
26,text-26-6,en,es,¿Dónde está el agua de la Tierra?,The phrase 'Where is Earth’s Water?' needs to be translated entirely. The noun 'Earth' should also be translated to 'Tierra' in Spanish for an accurate translation.
26,text-26-23,en,es,"Fuente: capítulo de Igor Shiklomanov “Recursos de agua dulce en el mundo” en Peter H. Gleick (editor), 1993, Agua en crisis: Una guía de los recursos de agua dulce del mundo. (Los números están redondeados).","The text contains bibliographical information, including the name of a book, chapter, author, and editor. Nouns and titles should be translated into Spanish, retaining their original semantic content."
26,text-26-25,en,es,"La Tierra es un lugar acuoso. Pero, ¿cuánta agua existe en nuestro planeta?",The nouns 'Earth' and 'water' should be translated into Spanish as 'Tierra' and 'agua' respectively. The rest of the text is straightforward and should be translated directly.
26,text-26-5,en,es,"Aunque los ríos representan solo una pequeña cantidad de agua dulce, los ríos son la fuente de la mayor parte del agua utilizable.","To accurately translate this sentence, I need to convey the idea that rivers, despite being a small percentage of the freshwater supply, provide most of the water that can be utilized."
26,text-26-27,en,es,El agua también existe en la,"In this sentence, we are referring to 'Water', which is a noun and should be translated along with the structure of the sentence."
27,text-27-10,en,es,El agua subterránea es vital porque llena ríos y lagos y proporciona agua a las personas en lugares donde el agua escasea.,"To translate this sentence into Spanish accurately, I need to recognize that key nouns such as 'groundwater', 'rivers', and 'lakes' need translation. Additionally, the phrasing and meaning should remain consistent with the original text."
24,sectioneli5-24-0,en,es,"Imagina la Tierra como una gran bola de agua. La mayor parte del agua en esta bola es salada, como el océano. Solo una pequeña parte de esta agua es la que realmente podemos usar para beber y regar las plantas. Si tuvieras un gran vaso de agua, casi todo sería salado, y solo una pequeña gota sería el agua dulce que necesitamos. ¡Por eso tenemos que ser cuidadosos e inteligentes al usar nuestra agua dulce!","To accurately translate the given text into Spanish, we need to focus on translating nouns, verbs, and descriptive phrases, ensuring the context remains intact. We do not need to translate mathematical expressions or proper units, but none appear here."
10,sectioneli5-10-0,en,es,"El diseño de ingeniería es como construir y arreglar un juguete. Primero, averiguas qué está mal con el juguete o qué quieres que haga mejor. Luego piensas en muchas ideas geniales sobre cómo arreglarlo o mejorarlo, quizás hablando con tus amigos. Después de eso, eliges la mejor idea basada en lo que realmente puedes hacer. A continuación, construyes un modelo o una versión 'fingida' de tu juguete. Lo pruebas para ver qué tan bien funciona. Finalmente, lo mejoras si encuentras algún problema. Así es como los ingenieros hacen que las cosas funcionen mejor paso a paso.","The passage discusses the process of engineering design using an analogy with fixing a toy, describing each step in simple terms. It should be translated by considering the equivalent Spanish terminology for each concept while preserving the nuance and simplicity of the language."
11,sectioneli5-11-0,en,es,"¡Este libro es como un mapa de cosas geniales de ciencia! Habla sobre los sistemas de la Tierra, como los patrones y el agua, y cómo cosas como el viento pueden cambiar las rocas. También explica cosas diminutas que no podemos ver, cómo se mezclan diferentes cosas y cómo podemos mantener la naturaleza equilibrada. Finalmente, muestra cómo crecen las plantas, qué sucede cuando comemos y cómo todo se mueve y se mantiene conectado.","The text provided describes aspects of a science book, mentioning Earth's systems, natural phenomena like wind and rocks, and biological processes. I will translate each part into Spanish, ensuring the essence and meaning are preserved while keeping technical terms like 'systems' within context."
25,sectioneli5-25-1,en,es,"¡El agua en la Tierra está prácticamente en todas partes! Está en el aire y las nubes por encima de nosotros, que es como una gran piscina invisible en el cielo. También está en lugares que podemos ver, como ríos, océanos y hielo. Además, el agua está dentro de las plantas y los animales, e incluso en las profundidades de la Tierra. ¡Así que se podría decir que la Tierra es un lugar muy acuático!","The provided text describes the presence of water on Earth. Each element, like air, clouds, rivers, oceans, and ice, as well as concepts such as plants, animals, and Earth's interior, should be translated into Spanish while maintaining the structure of the text."
29,sectioneli5-29-0,en,es,"Tu tarea es dibujar un gráfico de barras. Este gráfico nos ayudará a comparar cuánta agua salada y dulce hay en la Tierra. Imagina dos rectángulos altos. Uno muestra toda el agua salada del océano, y el otro muestra la menor cantidad de agua dulce, como en ríos y lagos. ¡Es una forma divertida de ver la diferencia!",The task description involves instructions for drawing a bar graph. The purpose is to visualize the comparison between saltwater and freshwater amounts on Earth. The translation should ensure that all elements and concepts are preserved in Spanish.
17,sectioneli5-17-0,en,es,La Tierra tiene patrones especiales que podemos ver en su superficie. Los terremotos y volcanes a menudo ocurren en largas líneas donde la tierra se encuentra con el océano. Las grandes montañas se encuentran principalmente dentro de los continentes o cerca de sus bordes. Podemos usar mapas para ver estos patrones y entender dónde ocurren.,"The text describes geographical features and patterns observed on the Earth's surface, including the occurrence of earthquakes, volcanoes, and mountains, and it discusses using maps for better understanding. The translation should convey these ideas accurately in Spanish."
15,sectioneli5-15-0,en,es,"Imagina un camino alrededor de los bordes del Océano Pacífico que es muy especial porque tiene muchas montañas ardientes llamadas volcanes. Estos volcanes están activos, lo que significa que pueden erupcionar y lanzar lava caliente. Este camino especial se llama el ""Cinturón de Fuego"" porque tiene tantos volcanes, y a menudo se siente tembloroso debido a muchos pequeños movimientos de tierra llamados terremotos. ¡Es como si la Tierra estuviera haciendo un pequeño baile justo aquí!","The passage describes the 'Ring of Fire,' which requires translation into Spanish. The term 'Ring of Fire' is specific and often recognized in Spanish as 'Cinturón de Fuego.' All other elements in the passage, including the description of volcanoes and earthquakes, are translated accordingly."
20,sectioneli5-20-2,en,es,"Las líneas oscuras en el mapa muestran dónde se encuentran las piezas gigantes del rompecabezas de la Tierra, llamadas placas. Estos lugares son como los bordes de las piezas del rompecabezas. Cuando las placas se mueven, pueden chocar entre sí, deslizarse una junto a la otra, o separarse, y es a menudo cuando ocurren terremotos. Por lo tanto, estos lugares con líneas son donde pueden ocurrir muchos terremotos.","The passage describes geological features and processes which should be directly translated while maintaining the meaning. All nouns such as 'plates' and 'lines' are to be translated, and no mathematical or symbolic content is present."
21,sectioneli5-21-0,en,es,"¡Bien, pensemos en dos formas en que cambia la Tierra!

Primero, está la erosión. Imagina castillos de arena en la playa siendo lentamente arrastrados por las olas, eso es como la erosión. El viento y el agua mueven pequeños pedazos de roca y suelo de un lugar a otro, cambiando montañas y valles a lo largo de mucho tiempo.

Segundo, piensa en los terremotos. Si alguna vez has apilado bloques y luego la mesa tiembla, los bloques pueden caer o moverse. ¡Los terremotos le hacen esto al suelo! Suceden cuando partes de la corteza terrestre se mueven repentinamente, cambiando el paisaje al instante.

Así que, la erosión ocurre lentamente y los terremotos pueden cambiar las cosas muy rápido.","The text is about natural processes, such as erosion and earthquakes, and their effects on Earth's landscape. This needs to be translated into Spanish while retaining the clarity and explanatory nature of the description."
23,sectioneli5-23-1,en,es,"La mayor parte del agua de la Tierra es salada, como la que se encuentra en el océano, y no sirve para beber. Solo una pequeña cantidad es dulce, como en lagos y ríos. Así que nos hace pensar en cómo usamos y ahorramos el agua que podemos beber. ¿Por qué crees que es importante saber esto? ¿Tienes curiosidad sobre cómo obtenemos agua dulce de toda esa agua salada?","The text contains information about the composition of Earth's water sources and a question regarding the importance of understanding where fresh water comes from. It should be translated accurately to retain the same meaning in Spanish, ensuring that key details like 'ocean,' 'fresh,' and 'saltwater' are translated appropriately."
15,sectioneli5-15-1,en,es,"En una parte del Océano Pacífico, hay un camino especial llamado el ""Anillo de Fuego"". Tiene muchos volcanes que son muy activos y sacuden el suelo con terremotos. La imagen con puntos muestra dónde están estos volcanes. ¡Es como un cinturón ardiente alrededor de esta parte del mundo! Esto nos hace pensar por qué hay tantos volcanes y qué los hace retumbar y gruñir tanto.","The provided text contains geographical terms, where 'Ring of Fire' is a proper noun and should be kept as is in the translation. The description needs to be accurately translated into Spanish while maintaining the context."
10,sectioneli5-10-1,en,es,"En ingeniería, existen reglas llamadas estándares que ayudan a que las cosas funcionen bien. Hay dos aspectos principales en los que se centran estas reglas:

1. **Diseño**: Esto es como dibujar un plan para un juguete nuevo al primero determinar qué debería hacer el juguete (como rebotar alto). Luego, piensas en muchas maneras de fabricarlo, pruebas la mejor opción y la mejoras aún más.

2. **Evaluación**: Esto es como tener un montón de juguetes diferentes ya hechos, y tienes que elegir el mejor. Verificas si todos hacen lo que se supone que deben hacer y eliges el mejor basado en esas reglas.

¡Estos pasos ayudan a los ingenieros a crear y mejorar cosas de manera inteligente!","The provided text discusses engineering standards, with emphasis on designing and evaluating processes. The translation should accurately convey these concepts and the comparison to toy design, ensuring that any technical or illustrative aspects are maintained in Spanish."
23,sectioneli5-23-0,en,es,"Imagina que toda el agua en la Tierra es como un balde gigante. La mayor parte de esta agua, casi todo el balde, es salada como el océano. Si tuvieras 100 gotas de agua, 97 de ellas sabrían saladas. Solo 3 gotas de cada 100 son agua dulce, que es lo que necesitamos para beber y usar todos los días. Esta agua dulce está mayormente atrapada en hielo o bajo tierra, así que no hay mucha disponible para que la usemos fácilmente.","The text compares the Earth's water to a bucket, explaining the distribution of saltwater and freshwater. Important to maintain the quantitative comparisons and describe their availability. The translation needs to reflect the same analogy and figures in Spanish."
16,sectioneli5-16-0,en,es,"Cuando pensamos en dónde se encuentran la mayoría de los volcanes, podemos imaginar mirando un mapa o una imagen del mundo. La mayoría de los volcanes se encuentran en lugares llamados el ""Anillo de Fuego"", que es un gran círculo alrededor del Océano Pacífico. Aquí es donde las placas de la Tierra se encuentran y se mueven, causando que aparezcan muchos volcanes. ¡Es como buscar dónde están la mayoría de las burbujas cuando agitas el agua de la bañera!","The task requires translating the passage about volcanoes, particularly the 'Ring of Fire', into Spanish, while ensuring proper translation of metaphors and imagery used in the explanation."
27,sectioneli5-27-1,en,es,"En 2010, las personas en los EE.UU. usaron mucha agua tanto de lagos y ríos (agua superficial) como de bajo tierra (agua subterránea). Mientras que usualmente usamos agua superficial para beber y regar plantas, el agua subterránea también es muy importante. Ayuda a mantener llenos los lagos y ríos y proporciona agua a áreas como los desiertos, donde es difícil encontrar agua.","The passage discusses water usage, distinguishing between surface water and groundwater. It emphasizes the importance of both, indicating their respective roles. The reasoning is to ensure correct contextual translation of terms concerning water use."
20,sectioneli5-20-1,en,es,"El mapa muestra muchos puntos coloridos que son volcanes. La mayoría de estos puntos están en lugares donde se ven líneas oscuras, que son como grietas en la superficie de la Tierra llamadas límites de placas. Esto significa que los volcanes generalmente ocurren donde están estas grandes grietas, como alrededor del borde del Océano Pacífico en algo llamado el 'Anillo de Fuego'.","I need to translate all text elements, including nouns like 'the map,' 'dots,' 'volcanoes,' and 'Ring of Fire,' into Spanish. However, any specific names such as 'Ring of Fire' should be treated as proper nouns and not translated."
18,sectioneli5-18-1,en,es,"Imagina que la Tierra es como un gran rompecabezas hecho de piezas gigantes llamadas placas tectónicas. A veces, estas piezas se mueven y chocan entre sí a lo largo de grietas llamadas fallas. Cuando lo hacen de repente, es como sacudir una caja muy fuerte, haciendo que todo el suelo a nuestro alrededor tiemble, ¡y a eso lo llamamos un terremoto!

Ahora, cuando golpeas una mesa, sientes y ves las vibraciones. De manera similar, durante un terremoto, algunas ondas viajan a lo largo del suelo (estas se llaman ondas superficiales). Otras van más profundamente dentro de la Tierra (estas se llaman ondas de cuerpo). Las de adentro hacen grandes movimientos bruscos, mientras que las de arriba hacen movimientos ondulatorios. ¡Por eso tiembla el suelo!","To accurately translate the given text into Spanish, it is important to preserve the meaning and essence of the original text while converting all English words into their correct Spanish equivalents. This includes translating nouns, verbs, and adjectives while maintaining the same structure and flow of the paragraph. It is crucial not to translate scientific terms such as 'tectonic plates,' 'surface waves,' and 'body waves' literally but rather to use their scientifically accepted Spanish counterparts if they exist."
28,sectioneli5-28-2,en,es,"Cuando miramos el agua en la superficie de la Tierra, es como un vaso gigante mayormente lleno de agua salada del océano. Pero una pequeña parte de esa agua es dulce, y proviene de lagos, ríos y pantanos. Estos son lugares donde podemos encontrar agua dulce utilizable.","The text discusses the composition of water on Earth's surface, differentiating between salty ocean water and fresh water from sources like lakes, rivers, and swamps. The nouns such as 'water', 'Earth's surface', 'ocean', 'lakes', 'rivers', and 'swamps' must be translated to Spanish accordingly."
17,sectioneli5-17-3,en,es,"Los volcanes son como grandes botellas de gaseosa efervescente dentro de la Tierra. Cuando agitas una gaseosa y la abres, todas las burbujas intentan salir rápidamente. En un volcán, la roca derretida caliente dentro de la Tierra, como las burbujas de la gaseosa, quiere salir. Así que empujan a través de las grietas en el suelo. Cuando salen, pueden cambiar rápidamente la apariencia del paisaje. Esto demuestra que la Tierra es como un lugar ocupado y en constante movimiento que nunca permanece igual.","The text explains a concept using an analogy. In translating, it is important to maintain the meaning and imagery. All nouns and the main idea should be accurately translated into Spanish."
25,sectioneli5-25-0,en,es,"Imagina que la Tierra es como una gran bola con agua por todas partes. Algo de agua es salada, como en los océanos, y algo es dulce, como en los ríos y lagos. Usamos matemáticas, como contar y medir, para averiguar cuánta agua salada y dulce hay. Esto nos ayuda a ver dónde está toda el agua en la Tierra, como en lugares helados y debajo del suelo. Es como averiguar cuánta cantidad de jugo versus leche hay en tu nevera.","To accurately translate the text into Spanish, I must ensure that both simple descriptive phrases and specific examples are correctly converted while maintaining the conceptual comparisons, like comparing water distribution to household liquids. Additionally, I need to ensure mathematical references are clear, as they play a key role in understanding context."
17,sectioneli5-17-4,en,es,"En las profundidades de la Tierra, hace mucho calor, lo suficiente como para derretir rocas. Estas rocas derretidas encuentran pequeñas grietas y salen a la superficie de la Tierra, creando un volcán. A veces, un volcán derrama lava como un río, ¡y a veces estalla con mucha fuerza! Los volcanes incluso pueden ocurrir bajo el agua, formando grandes montañas en el fondo del océano.","To accurately translate the narrative about volcanoes from English to Spanish, it's important to maintain the context and ensure technical terms like 'lava' and 'volcano' are translated properly as 'lava' and 'volcán' respectively, without losing the underlying descriptive imagery."
19,sectioneli5-19-0,en,es,"Imagina que el suelo es como un gran rompecabezas hecho de piezas gigantes llamadas placas tectónicas. A veces, estas piezas chocan entre sí debajo de la Tierra. Este choque puede empujar el suelo hacia arriba y formar montañas. Pero, a veces el suelo se desliza profundamente donde no podemos verlo. Y si ocurre un terremoto en el océano, puede crear una ola gigantesca llamada tsunami.","I will translate the provided English text into Spanish, ensuring that the concepts related to tectonic plates and natural phenomena are accurately conveyed in Spanish."
27,sectioneli5-27-0,en,es,"¿Sabes cómo cuando llueve, el agua entra en el suelo y parte de ella fluye hacia los ríos? Bueno, aunque vemos mucha agua en ríos y lagos, en realidad hay más agua dulce escondida bajo tierra. Esto se llama agua subterránea. Imagínate que es como cuando viertes jugo en tu caja de arena y desaparece en la arena. Ese jugo todavía está allí, al igual que el agua está en el suelo. Esta agua es realmente importante porque ayuda a mantener llenos los ríos y nos proporciona agua para usar, especialmente en lugares donde es difícil obtener agua de otra manera.","To translate this text, I need to convey the process of rainwater absorption and the significance of groundwater using appropriate Spanish terms. I will consider translating the analogy and ensure the sentence structure is preserved in Spanish."
18,sectioneli5-18-0,en,es,"Imagina que la Tierra es como un gran rompecabezas hecho de piezas gigantes llamadas placas tectónicas. El Anillo de Fuego es un lugar especial donde muchas de estas piezas se encuentran. A veces chocan entre sí, se deslizan unas frente a otras o se separan. Cuando esto sucede, pueden causar ruidos fuertes, que llamamos terremotos, o crear magma que hace que los volcanes entren en erupción. Es un poco como cuando mueves un gran bloque de piezas de Jenga y algunas partes tiemblan o caen.

La imagen muestra una línea roja como un collar delineando el Anillo de Fuego, donde ocurren muchos terremotos y volcanes debido a estas placas en movimiento. Cuando las placas se alejan unas de otras, es como rasgar papel; esto puede crear nuevas formas en la superficie de la Tierra.","The text is a simple explanation of tectonic activity related to the Earth's structure and the Ring of Fire. 'Tectonic plates,' 'Ring of Fire,' and 'Jenga' are all proper nouns or specific terms that should be translated appropriately. The rest of the text is straightforward and should be translated into Spanish."
28,sectioneli5-28-1,en,es,"La mayor parte del agua en la Tierra es salada, como en los océanos. Pero también hay agua dulce, que podemos beber. Se encuentra principalmente en tres lugares: en los casquetes polares y glaciares (como grandes montañas de hielo), en el suelo (como el agua almacenada bajo tierra) y en los ríos y lagos (como grandes estanques naturales). Estos lugares son importantes para proporcionarnos el agua que necesitamos cada día.",This text discusses different types of water on Earth and their locations. It's important to translate all parts coherently into Spanish.
17,sectioneli5-17-1,en,es,"Vamos a aprender sobre cómo la Tierra no está simplemente quieta y tranquila. Es como un rompecabezas gigante, y a veces las piezas se mueven. Cuando lo hacen, podemos ver cosas como volcanes y terremotos. Los volcanes son como montañas gigantes que pueden derramar roca fundida, y los terremotos ocurren cuando el suelo tiembla porque las piezas del rompecabezas chocan entre sí o se separan. Estos cambios ocurren mucho alrededor de grandes océanos como el Océano Pacífico, donde a las piezas del rompecabezas de la Tierra especialmente les gusta moverse y cambiar.","To translate this paragraph into Spanish, I will translate each sentence while maintaining the original meaning. The nouns and concepts such as Earth, volcanoes, and Pacific Ocean will be translated to their Spanish equivalents, and the explanation will be adjusted to fit natural Spanish expression."
17,sectioneli5-17-2,en,es,"Imagina la Tierra como un gran cascarón de huevo agrietado. Estas grietas se llaman placas, y se mueven muy lentamente. Cuando estas placas se mueven mucho, el suelo tiembla y tenemos un terremoto. Ahora, dentro de la Tierra, hace muchísimo calor, como un horno gigante. A veces, la roca derretida caliente llamada magma encuentra una salida a través de las grietas y se convierte en un volcán. ¡Cuando un volcán entra en erupción, es como una gran montaña de roca derretida y ceniza que sale! Esto también ocurre mucho alrededor del Océano Pacífico, que se llama el 'Anillo de Fuego' debido a todos los volcanes y terremotos que hay allí.","To deliver an accurate translation, I need to maintain the analogies and descriptions accurately while translating the nouns and general sentences into Spanish, keeping the original meaning clear."
26,sectioneli5-26-1,en,es,"La Tierra tiene mucha agua, ¡como una gran manta acuosa! Si imaginas la Tierra cubierta por una manta de agua, 71 partes de cada 100 son agua. La mayor parte de esta agua, aproximadamente 96 partes de cada 100, está en los océanos, que son salados y no aptos para beber. Hay una pequeña cantidad de agua que es dulce, y esa es la que necesitamos para beber y que usen las plantas y los animales para vivir. Así que, la Tierra tiene mucha agua, pero solo una pequeña parte es del tipo que realmente podemos usar.","The text describes the distribution of water on Earth. To translate this accurately, I should ensure that the numerical data and context remain clear and unchanged in Spanish."
28,sectioneli5-28-0,en,es,"Imagina que toda el agua de la Tierra cabe en un gran cubo. La mayor parte de esta agua, alrededor de 97 de cada 100 partes, es salada como el océano. Solo una pequeñísima parte, 3 de cada 100 partes, es agua dulce. Esta agua dulce se encuentra principalmente en el hielo y los glaciares, bajo tierra, y una cantidad diminuta en lagos y ríos. Así que, aunque hay mucha agua en la Tierra, muy poca es dulce y puede ser utilizada para beber.","To translate this text into Spanish accurately, consider that we're dealing with descriptive information about water distribution on Earth. Terms like 'freshwater', 'glaciers', and 'underground' have direct Spanish translations. Also, maintain the numerical expressions as they are universal."
26,sectioneli5-26-0,en,es,"Imagina que la Tierra es como una gran canica azul, cubierta principalmente de agua. Pero la mayor parte de esta agua, alrededor del 96%, es salada, como la que está en el océano, y no podemos beberla.

Solo una pequeña parte, alrededor del 2.5%, es agua dulce, lo que todos los seres vivos necesitan para sobrevivir. La mayor parte de esta agua dulce está atrapada en hielo o en el subsuelo. Solo una pequeña parte, el 1.2%, es fácil de acceder, como el agua en ríos y lagos. Aunque no hay mucha de esta agua dulce fácil de alcanzar, los ríos son realmente importantes porque nos dan agua que podemos usar todos los días.","To accurately translate the given text into Spanish, identify the key ideas and concepts regarding the proportion of water on Earth and translate these ideas using appropriate Spanish equivalents, ensuring that units and percentages are kept intact."
20,sectioneli5-20-0,en,es,"Imagina que la Tierra es como un gigantesco rompecabezas. Cada pieza es una gran losa de roca llamada placa. Estas placas flotan muy lentamente sobre una capa de roca viscosa, como icebergs en el océano. A veces, chocan entre sí o se separan, y esto ocurre a lo largo de líneas llamadas límites.

Ahora, cuando estas placas se mueven, pueden causar la formación de volcanes. Se encuentran muchos volcanes en un área especial llamada el ""Cinturón de Fuego"", que tiene forma de herradura alrededor de los bordes del Océano Pacífico. Esto se debe a que allí se encuentran los bordes de muchas placas.

A veces, cuando las placas se desplazan, también pueden causar que el suelo tiemble, a lo que llamamos un terremoto. Así que, al observar dónde están los bordes de estas placas, podemos suponer dónde podríamos ver volcanes o terremotos.

Al igual que las piezas del rompecabezas cambian cuando las mueves, la superficie de la Tierra también cambia, y es por eso que hacer predicciones al respecto es como adivinar qué pieza se moverá a continuación.","To translate this text into Spanish accurately, I will carefully consider each sentence to ensure that both the nouns and concepts are translated correctly into Spanish, while keeping the sensible structure of the statements and their explanations."
13,sectioneli5-13-0,en,es,"Imagina la Tierra como un parque infantil muy concurrido donde cuatro grupos juegan juntos. Está la geósfera (rocas y tierra), la hidrosfera (agua y hielo), la atmósfera (todo el aire) y la biosfera (plantas, animales y personas). A estos grupos les gusta mezclarse y, a veces, cambian las cosas, como el desgaste y la erosión que dan forma a la tierra. A veces chocan entre sí, provocando grandes cambios como deslizamientos de tierra o volcanes. Aunque no podemos detener estos eventos naturales, podemos encontrar formas de mantenernos a salvo y evitar que nos dañen demasiado.","The passage describes Earth as a playground with four main components: geosphere, hydrosphere, atmosphere, and biosphere. Each part has specific functions and interacts with the others, causing natural changes that sometimes result in hazardous events. The translation involves conveying this idea accurately while keeping all mentioned terms and concepts intact to form a cohesive understanding in Spanish."
16,sectioneli5-16-1,en,es,"Imagina que la Tierra es como una gran bola con baches y algunos puntos ásperos y puntiagudos llamados volcanes. Estos volcanes se encuentran por todas partes, pero en algunas partes del mundo, hay menos de ellos. Piense en ello como un parque de juegos en el que algunas áreas tienen muchos toboganes (volcanes) y otros lugares con pocos o ninguno. Entonces, los lugares con menos volcanes son como esas partes del parque de juegos que están más vacías.","When translating the provided text into Spanish, I need to ensure that all terms and concepts are accurately represented while maintaining the original context. The concept of volcanoes as features of the Earth's surface should remain clear, and terms like 'volcanoes,' 'playground,' and 'slides' need to be correctly translated into their Spanish equivalents."
19,sectioneli5-19-1,en,es,"Imagina que el fondo del océano es como un rompecabezas gigante hecho de enormes piezas llamadas placas. Estas placas se mueven y pueden separarse en ciertos lugares, como en las dorsales oceánicas. Cuando se separan, dejan espacio para que suba roca caliente y derretida llamada lava, que al enfriarse, forma nuevas partes del fondo oceánico como bloques de Lego. Cuando esto ocurre, también puede causar montañas submarinas e incluso terremotos. La isla de Islandia se encuentra justo sobre una de estas grandes dorsales, llamada la Dorsal Mesoatlántica, como si estuviera sentada sobre una enorme cordillera bajo el mar.","To translate this text accurately, it's essential to convey the analogy of the ocean floor being like a puzzle and to explicitly translate the geological terms like 'plates', 'mid-ocean ridges', 'lava', and 'Mid-Atlantic Ridge'. The concept of geological activity resulting in new oceanic features such as mountains and earthquakes needs to be expressed clearly in Spanish."
17,sectioneli5-17-5,en,es,"Imagina la corteza terrestre, o capa superior, como un gran rompecabezas hecho de piezas enormes llamadas placas. Los bordes del Océano Pacífico son como donde se encuentran muchas de estas piezas del rompecabezas. Cuando estas piezas se mueven, a veces hacen temblar el suelo, lo que llamamos terremotos, o pueden hacer que la roca caliente y derretida estalle, lo que llamamos erupciones volcánicas. Esta área se conoce como el Cinturón de Fuego del Pacífico, y es donde estos emocionantes cambios suelen ocurrir, como la formación de montañas o la erupción de volcanes.",The given text describes geological concepts related to the Earth's crust and natural phenomena like earthquakes and volcanic eruptions. The translation into Spanish should capture these terms accurately.
13,sectioneli5-13-1,en,es,"La Tierra es como un gran y ocupado patio de recreo con diferentes partes que juegan juntas. Imagina el suelo sobre el que caminas (geosfera), el agua que bebes (hidrosfera), el aire que respiras (atmósfera) y todas las plantas y animales (biosfera) como los amigos en este patio de recreo. Estas partes hablan y juegan entre sí. Por ejemplo, la lluvia (parte de la atmósfera) puede desgastar las rocas (geosfera) con el tiempo, lo que se llama meteorización. A veces, estas interacciones pueden causar grandes eventos como los volcanes, que son como una gran montaña que explota su cima. No podemos detener estos grandes eventos, pero podemos encontrar formas de mantenernos seguros, como buscar refugio cuando llueve.","To translate the descriptive text about Earth's systems into Spanish, it is important to accurately convey the concepts of geosphere, hydrosphere, atmosphere, and biosphere, and their interactions. Proper translation of terms like 'weathering' and 'volcanoes' is crucial to maintain the context."
20,sectioneli5-20-3,en,es,"Cuando las placas de la Tierra se mueven, como piezas de un rompecabezas, pueden causar que los volcanes entren en erupción o que el suelo tiemble en terremotos. En el futuro, esto podría cambiar la forma del terreno, como hacer que las montañas sean más altas o formar nuevas islas.",The passage describes geographical phenomena such as the movement of the Earth's plates and its effects like volcanic eruptions and earthquakes. All components are translatable to Spanish as they are common concepts in both languages.
16,sectioneli5-16-2,en,es,"Los volcanes se encuentran generalmente en los mismos lugares donde la corteza terrestre tiene grietas o roturas, como un rompecabezas. Esto ocurre a menudo donde las grandes piezas de la Tierra, llamadas placas tectónicas, se encuentran o se separan. Entonces, si miras un mapa, verás volcanes en largas líneas o en círculos, como el ""Anillo de Fuego"" alrededor del Océano Pacífico.","The text describes natural phenomena related to geography, mentioning terms like 'volcanoes,' 'Earth's crust,' 'tectonic plates,' and 'Ring of Fire,' which should all be translated accurately. There are no math symbols or units to consider in this text."
