page_index,section_id,html_path,reasoning
10,1,c5_10_30_web_assets_result/intermediate_outputs/10_1_adt.html,"T,h,e, ,a,c,t,i,v,i,t,y, ,i,n,v,o,l,v,e,s, ,d,e,s,c,r,i,b,i,n,g, ,a, ,f,r,i,e,n,d, ,u,s,i,n,g, ,o,p,e,n,-,e,n,d,e,d, ,r,e,s,p,o,n,s,e,s,., ,T,h,e, ,H,T,M,L, ,i,n,c,l,u,d,e,s, ,s,e,c,t,i,o,n,s, ,t,o, ,i,n,p,u,t, ,t,h,e,s,e, ,d,e,s,c,r,i,p,t,i,o,n,s,,, ,e,n,c,o,u,r,a,g,i,n,g, ,c,r,e,a,t,i,v,i,t,y, ,a,n,d, ,p,e,r,s,o,n,a,l,i,z,a,t,i,o,n,."
12,2,c5_10_30_web_assets_result/intermediate_outputs/12_2_adt.html,"T,h,e, ,t,a,s,k, ,i,s, ,t,o, ,p,r,o,v,i,d,e, ,a,n, ,o,p,e,n,-,e,n,d,e,d, ,q,u,e,s,t,i,o,n, ,o,n, ,t,h,e, ,w,e,b,s,i,t,e,., ,T,h,e, ,g,i,v,e,n, ,t,e,x,t, ,i,s, ,u,s,e,d, ,v,e,r,b,a,t,i,m, ,f,o,r, ,t,h,e, ,i,n,s,t,r,u,c,t,i,o,n,., ,S,t,y,l,i,n,g, ,i,s, ,k,e,p,t, ,s,i,m,p,l,e, ,a,n,d, ,a,c,c,e,s,s,i,b,l,e, ,u,s,i,n,g, ,T,a,i,l,w,i,n,d, ,C,S,S,,, ,a,n,d, ,p,l,a,c,e,h,o,l,d,e,r,s, ,a,r,e, ,a,d,d,e,d, ,f,o,r, ,u,s,e,r, ,r,e,s,p,o,n,s,e,s, ,t,o, ,m,a,i,n,t,a,i,n, ,t,h,e, ,o,p,e,n,-,e,n,d,e,d, ,s,t,r,u,c,t,u,r,e,."
12,4,c5_10_30_web_assets_result/intermediate_outputs/12_4_adt.html,"I,n, ,t,h,i,s, ,H,T,M,L,,, ,I,',v,e, ,c,r,e,a,t,e,d, ,a, ,b,a,s,i,c, ,s,t,r,u,c,t,u,r,e, ,w,i,t,h, ,a, ,s,e,c,t,i,o,n, ,f,o,r, ,t,h,e, ,a,c,t,i,v,i,t,y,,, ,i,n,c,l,u,d,i,n,g, ,a, ,p,l,a,c,e,h,o,l,d,e,r, ,f,o,r, ,u,s,e,r, ,r,e,s,p,o,n,s,e,., ,I,t, ,i,n,c,l,u,d,e,s, ,a, ,q,u,e,s,t,i,o,n, ,t,o, ,f,a,c,i,l,i,t,a,t,e, ,o,p,e,n,-,e,n,d,e,d, ,i,n,t,e,r,a,c,t,i,o,n,,, ,a,d,h,e,r,i,n,g, ,t,o, ,t,h,e, ,p,r,o,v,i,d,e,d, ,t,e,x,t, ,a,n,d, ,g,u,i,d,e,l,i,n,e,s,."
13,1,c5_10_30_web_assets_result/intermediate_outputs/13_1_adt.html,"T,h,i,s, ,H,T,M,L, ,s,t,r,u,c,t,u,r,e, ,f,o,l,l,o,w,s, ,a,c,c,e,s,s,i,b,i,l,i,t,y, ,g,u,i,d,e,l,i,n,e,s, ,a,n,d, ,c,l,e,a,n, ,d,e,s,i,g,n, ,p,r,i,n,c,i,p,l,e,s,,, ,d,i,s,p,l,a,y,i,n,g, ,t,h,e, ,p,r,o,v,i,d,e,d, ,t,e,x,t, ,i,n, ,a, ,r,e,a,d,a,b,l,e, ,f,o,r,m,a,t, ,u,s,i,n,g, ,T,a,i,l,w,i,n,d, ,C,S,S, ,f,o,r, ,s,t,y,l,i,n,g,., ,T,h,e, ,s,e,c,t,i,o,n, ,i,s, ,c,l,e,a,r,l,y, ,o,r,g,a,n,i,z,e,d, ,w,i,t,h, ,a,p,p,r,o,p,r,i,a,t,e, ,h,e,a,d,i,n,g,s,,, ,a,n,d, ,e,a,c,h, ,p,i,e,c,e, ,o,f, ,t,e,x,t, ,i,s, ,a,s,s,o,c,i,a,t,e,d, ,w,i,t,h, ,i,t,s, ,d,a,t,a,-,i,d, ,f,o,r, ,e,a,s,y, ,r,e,f,e,r,e,n,c,e,."
16,0,c5_10_30_web_assets_result/intermediate_outputs/16_0_adt.html,"T,h,i,s, ,H,T,M,L, ,c,r,e,a,t,e,s, ,a, ,v,i,s,u,a,l,l,y, ,o,r,g,a,n,i,z,e,d, ,a,n,d, ,a,c,c,e,s,s,i,b,l,e, ,l,a,y,o,u,t, ,f,o,r, ,t,h,e, ,f,i,l,l,-,i,n,-,a,-,t,a,b,l,e, ,a,c,t,i,v,i,t,y,,, ,e,n,s,u,r,i,n,g, ,e,a,c,h, ,s,e,c,t,i,o,n, ,i,s, ,i,n,t,e,r,a,c,t,i,v,e, ,a,n,d, ,a,d,h,e,r,e,s, ,t,o, ,t,h,e, ,r,e,q,u,i,r,e,m,e,n,t,s, ,g,i,v,e,n,."
13,2,c5_10_30_web_assets_result/intermediate_outputs/13_2_adt.html,"T,h,e, ,s,e,c,t,i,o,n, ,t,y,p,e, ,i,s, ,t,e,x,t, ,o,n,l,y,,, ,a,n,d, ,a,l,l, ,t,e,x,t, ,h,a,s, ,b,e,e,n, ,p,r,o,v,i,d,e,d, ,a,s, ,b,o,x,e,d, ,t,e,x,t, ,i,t,e,m,s,., ,T,h,e,r,e,f,o,r,e,,, ,I,',l,l, ,p,r,e,s,e,n,t, ,t,h,e, ,t,e,x,t, ,i,n, ,a, ,v,i,s,u,a,l, ,h,i,e,r,a,r,c,h,y, ,r,e,f,l,e,c,t,i,n,g, ,t,h,e,i,r, ,i,m,p,o,r,t,a,n,c,e, ,a,n,d, ,p,u,r,p,o,s,e, ,i,n, ,t,h,e, ,c,o,n,t,e,x,t, ,o,f, ,t,h,e, ,s,e,c,t,i,o,n,."
26,0,c5_10_30_web_assets_result/intermediate_outputs/26_0_adt.html,"T,h,e, ,p,r,o,v,i,d,e,d, ,t,i,t,l,e, ,s,e,r,v,e,s, ,a,s, ,t,h,e, ,s,e,c,t,i,o,n, ,h,e,a,d,i,n,g,,, ,a,n,d, ,t,h,e, ,l,a,y,o,u,t, ,o,f, ,t,h,e, ,p,a,g,e, ,c,a,n, ,b,e, ,v,i,s,u,a,l,l,y, ,r,e,p,r,e,s,e,n,t,e,d, ,i,n, ,t,h,e, ,H,T,M,L, ,c,o,d,e, ,w,i,t,h, ,a, ,f,o,c,u,s, ,o,n, ,p,r,e,s,e,n,t,i,n,g, ,t,h,e, ,h,e,a,d,i,n,g, ,c,l,e,a,r,l,y,."
20,1,c5_10_30_web_assets_result/intermediate_outputs/20_1_adt.html,"I,n, ,t,h,i,s, ,r,e,s,p,o,n,s,e,,, ,I,',v,e, ,i,n,c,o,r,p,o,r,a,t,e,d, ,t,h,e, ,p,r,o,v,i,d,e,d, ,e,l,e,m,e,n,t,s, ,i,n,t,o, ,a, ,s,t,r,u,c,t,u,r,e,d, ,H,T,M,L, ,l,a,y,o,u,t,,, ,e,n,s,u,r,i,n,g, ,a,c,c,e,s,s,i,b,i,l,i,t,y, ,a,n,d, ,c,o,r,r,e,c,t, ,f,o,r,m,a,t,s, ,a,c,c,o,r,d,i,n,g, ,t,o, ,t,h,e, ,g,u,i,d,e,l,i,n,e,s,., ,T,h,e, ,t,a,b,l,e, ,s,e,c,t,i,o,n, ,i,s, ,u,s,e,d, ,f,o,r, ,o,r,g,a,n,i,z,i,n,g, ,i,n,f,o,r,m,a,t,i,o,n, ,a,b,o,u,t, ,b,i,o,m,e,s,,, ,a,n,d, ,p,l,a,c,e,h,o,l,d,e,r,s, ,a,r,e, ,p,l,a,c,e,d, ,w,h,e,r,e, ,s,t,u,d,e,n,t,s, ,c,a,n, ,f,i,l,l, ,i,n, ,i,n,f,o,r,m,a,t,i,o,n, ,a,s, ,p,e,r, ,t,h,e, ,a,c,t,i,v,i,t,y, ,i,n,s,t,r,u,c,t,i,o,n,s,."
21,1,c5_10_30_web_assets_result/intermediate_outputs/21_1_adt.html,"T,h,e, ,H,T,M,L, ,s,t,r,u,c,t,u,r,e, ,i,n,c,l,u,d,e,s, ,a, ,c,o,n,c,i,s,e, ,r,e,p,r,e,s,e,n,t,a,t,i,o,n, ,o,f, ,t,h,e, ,a,c,t,i,v,i,t,y, ,d,e,s,c,r,i,p,t,i,o,n, ,a,n,d, ,p,r,o,m,p,t,s,,, ,r,e,f,l,e,c,t,i,n,g, ,t,h,e, ,l,a,y,o,u,t, ,o,f, ,t,h,e, ,t,e,x,t,b,o,o,k, ,p,a,g,e,., ,T,h,e, ,i,n,s,t,r,u,c,t,i,o,n,s, ,a,r,e, ,c,l,e,a,r,l,y, ,l,a,i,d, ,o,u,t,,, ,a,l,l,o,w,i,n,g, ,s,p,a,c,e, ,f,o,r, ,o,p,e,n,-,e,n,d,e,d, ,r,e,s,p,o,n,s,e,s,."
30,4,c5_10_30_web_assets_result/intermediate_outputs/30_4_adt.html,"I, ,c,r,e,a,t,e,d, ,a, ,s,i,m,p,l,e, ,l,a,y,o,u,t, ,w,i,t,h, ,t,e,x,t, ,i,n,p,u,t,s, ,t,o, ,f,i,l,l, ,i,n, ,m,e,a,n,i,n,g,s, ,f,o,r, ,t,h,e, ,p,r,e,f,i,x,e,s, ,p,r,o,v,i,d,e,d,., ,T,h,e, ,s,t,r,u,c,t,u,r,e, ,f,o,l,l,o,w,s, ,H,T,M,L, ,b,e,s,t, ,p,r,a,c,t,i,c,e,s, ,a,n,d, ,a,c,c,o,m,m,o,d,a,t,e,s, ,t,h,e, ,c,o,n,t,e,n,t, ,f,r,o,m, ,t,h,e, ,t,e,x,t,b,o,o,k, ,c,o,n,t,e,x,t,."
28,0,c5_10_30_web_assets_result/intermediate_outputs/28_0_adt.html,"F,o,r, ,t,h,i,s, ,H,T,M,L,,, ,t,h,e, ,m,a,i,n, ,t,a,s,k, ,i,s, ,t,o, ,c,r,e,a,t,e, ,a, ,t,a,b,l,e, ,w,h,e,r,e, ,s,t,u,d,e,n,t,s, ,c,a,n, ,f,i,l,l, ,i,n, ,t,h,e, ,v,e,r,b,s, ,u,n,d,e,r, ,t,h,e, ,c,o,r,r,e,c,t, ,p,r,o,n,o,u,n,., ,I,',v,e, ,s,t,r,u,c,t,u,r,e,d, ,t,h,e, ,H,T,M,L, ,f,o,r, ,a,n, ,e,d,u,c,a,t,i,o,n,a,l, ,a,c,t,i,v,i,t,y, ,w,h,e,r,e, ,s,t,u,d,e,n,t,s, ,c,a,n, ,e,n,g,a,g,e, ,w,i,t,h, ,t,h,e, ,m,a,t,e,r,i,a,l, ,i,n,t,e,r,a,c,t,i,v,e,l,y,., ,E,a,c,h, ,p,r,o,n,o,u,n, ,c,a,t,e,g,o,r,y, ,h,a,s, ,a, ,p,l,a,c,e,h,o,l,d,e,r, ,f,o,r, ,i,n,p,u,t,,, ,e,n,c,o,u,r,a,g,i,n,g, ,t,h,e, ,u,s,e,r, ,t,o, ,t,y,p,e, ,t,h,e, ,c,o,r,r,e,c,t, ,v,e,r,b,."
16,2,c5_10_30_web_assets_result/intermediate_outputs/16_2_adt.html,"T,h,e, ,p,a,g,e, ,p,r,o,v,i,d,e,d, ,c,o,n,t,a,i,n,s, ,a, ,t,e,x,t, ,b,l,o,c,k, ,a,b,o,u,t, ,w,o,r,l,d, ,b,i,o,m,e,s,,, ,d,i,s,c,u,s,s,i,n,g, ,h,o,w, ,c,l,i,m,a,t,e, ,a,n,d, ,t,e,r,r,a,i,n, ,a,f,f,e,c,t, ,t,h,e,i,r, ,f,o,r,m,a,t,i,o,n,., ,I,t, ,i,n,c,l,u,d,e,s, ,d,e,t,a,i,l,s, ,a,b,o,u,t, ,m,o,u,n,t,a,i,n,s, ,a,n,d, ,w,i,n,d,s,,, ,w,h,i,c,h, ,a,r,e, ,c,r,i,t,i,c,a,l, ,f,a,c,t,o,r,s, ,i,n, ,b,i,o,m,e, ,d,i,s,t,r,i,b,u,t,i,o,n,., ,T,h,i,s, ,i,n,f,o,r,m,a,t,i,o,n, ,w,i,l,l, ,b,e, ,a,r,r,a,n,g,e,d, ,w,i,t,h,i,n, ,a, ,d,e,d,i,c,a,t,e,d, ,s,e,c,t,i,o,n, ,t,o, ,e,n,s,u,r,e, ,c,l,a,r,i,t,y, ,a,n,d, ,c,o,m,p,r,e,h,e,n,s,i,o,n,."
30,3,c5_10_30_web_assets_result/intermediate_outputs/30_3_adt.html,"T,h,e, ,H,T,M,L, ,s,t,r,u,c,t,u,r,e, ,f,o,l,l,o,w,s, ,t,h,e, ,p,r,o,v,i,d,e,d, ,f,o,r,m,a,t,,, ,e,n,s,u,r,i,n,g, ,a,c,c,e,s,s,i,b,i,l,i,t,y, ,a,n,d, ,s,t,y,l,i,n,g, ,r,e,l,e,v,a,n,c,e, ,t,h,r,o,u,g,h, ,T,a,i,l,w,i,n,d, ,C,S,S,., ,T,h,e, ,s,e,c,t,i,o,n, ,i,s, ,t,e,x,t,-,o,n,l,y,,, ,s,o, ,n,o, ,i,m,a,g,e,s, ,a,r,e, ,i,n,c,l,u,d,e,d,."
14,0,c5_10_30_web_assets_result/intermediate_outputs/14_0_adt.html,"T,h,e, ,H,T,M,L, ,s,t,r,u,c,t,u,r,e, ,i,s, ,c,o,m,p,o,s,e,d, ,w,i,t,h, ,a,c,c,e,s,s,i,b,i,l,i,t,y, ,f,e,a,t,u,r,e,s, ,l,i,k,e, ,A,R,I,A, ,r,o,l,e,s, ,a,n,d, ,l,a,b,e,l,s,., ,T,a,i,l,w,i,n,d, ,C,S,S, ,p,r,o,v,i,d,e,s, ,t,h,e, ,s,t,y,l,i,n,g,,, ,m,a,k,i,n,g, ,t,h,e, ,p,a,g,e, ,v,i,s,u,a,l,l,y, ,a,p,p,e,a,l,i,n,g, ,a,n,d, ,r,e,t,a,i,n,i,n,g, ,a, ,c,l,e,a,n, ,l,a,y,o,u,t, ,f,o,r, ,t,h,e, ,s,e,c,t,i,o,n,."
19,3,c5_10_30_web_assets_result/intermediate_outputs/19_3_adt.html,"T,h,e, ,w,e,b,p,a,g,e, ,s,t,r,u,c,t,u,r,e, ,f,o,l,l,o,w,s, ,t,y,p,i,c,a,l, ,s,e,m,a,n,t,i,c, ,H,T,M,L, ,w,i,t,h, ,c,l,e,a,r, ,s,e,p,a,r,a,t,i,o,n,s, ,f,o,r, ,s,e,c,t,i,o,n,s, ,a,n,d, ,h,e,a,d,i,n,g,s,., ,A,R,I,A, ,l,a,b,e,l,s, ,a,n,d, ,r,o,l,e,s, ,a,r,e, ,n,o,t, ,n,e,c,e,s,s,a,r,y, ,f,o,r, ,t,e,x,t,-,o,n,l,y, ,s,e,c,t,i,o,n,s, ,w,i,t,h,o,u,t, ,i,n,t,e,r,a,c,t,i,v,e, ,e,l,e,m,e,n,t,s,., ,T,a,i,l,w,i,n,d, ,C,S,S, ,p,r,o,v,i,d,e,s, ,q,u,i,c,k, ,s,t,y,l,i,n,g, ,o,f, ,e,l,e,m,e,n,t,s,,, ,a,n,d, ,a,l,l, ,t,e,x,t, ,e,l,e,m,e,n,t,s, ,h,a,v,e, ,u,n,i,q,u,e, ,d,a,t,a,-,i,d,s, ,f,o,r, ,i,d,e,n,t,i,f,i,c,a,t,i,o,n, ,a,n,d, ,s,t,y,l,i,n,g, ,p,u,r,p,o,s,e,s,."
27,2,c5_10_30_web_assets_result/intermediate_outputs/27_2_adt.html,"I,n, ,t,h,i,s, ,t,a,s,k,,, ,I, ,w,i,l,l, ,o,r,g,a,n,i,z,e, ,t,h,e, ,p,r,o,v,i,d,e,d, ,t,e,x,t, ,i,n, ,a, ,t,e,x,t,-,o,n,l,y, ,l,a,y,o,u,t, ,u,s,i,n,g, ,T,a,i,l,w,i,n,d, ,C,S,S, ,t,o, ,e,n,s,u,r,e, ,a, ,v,i,s,u,a,l,l,y, ,a,p,p,e,a,l,i,n,g, ,a,n,d, ,a,c,c,e,s,s,i,b,l,e, ,w,e,b, ,p,a,g,e,., ,T,h,e, ,p,a,g,e, ,w,i,l,l, ,i,n,c,l,u,d,e, ,t,h,e, ,h,e,a,d,i,n,g, ,a,n,d, ,b,o,x,e,d, ,t,e,x,t, ,i,n, ,a, ,n,e,a,t, ,a,n,d, ,r,e,a,d,a,b,l,e, ,f,o,r,m,a,t,,, ,a,d,h,e,r,i,n,g, ,t,o, ,t,h,e, ,c,o,n,d,i,t,i,o,n,s, ,t,h,a,t, ,a,l,l, ,t,e,x,t, ,m,u,s,t, ,h,a,v,e, ,a, ,c,o,r,r,e,s,p,o,n,d,i,n,g, ,`,d,a,t,a,-,i,d,`, ,a,t,t,r,i,b,u,t,e,."
30,1,c5_10_30_web_assets_result/intermediate_outputs/30_1_adt.html,"I,',l,l, ,i,n,c,o,r,p,o,r,a,t,e, ,t,h,e, ,s,e,c,t,i,o,n,s, ,p,r,o,v,i,d,e,d, ,i,n,t,o, ,a, ,s,t,r,u,c,t,u,r,e,d, ,H,T,M,L, ,f,o,r,m,a,t,,, ,e,n,s,u,r,i,n,g, ,a,c,c,e,s,s,i,b,i,l,i,t,y, ,a,n,d, ,c,l,a,r,i,t,y, ,f,o,r, ,t,h,e, ,o,p,e,n,-,e,n,d,e,d, ,q,u,e,s,t,i,o,n, ,c,o,n,t,e,x,t,., ,T,h,e, ,l,a,y,o,u,t, ,w,i,l,l, ,f,o,c,u,s, ,o,n, ,p,r,e,s,e,n,t,i,n,g, ,t,h,e, ,q,u,e,s,t,i,o,n,s, ,c,l,e,a,r,l,y, ,f,o,r, ,u,s,e,r, ,i,n,t,e,r,a,c,t,i,o,n,."
28,3,c5_10_30_web_assets_result/intermediate_outputs/28_3_adt.html,"T,o, ,a,d,h,e,r,e, ,t,o, ,t,h,e, ,i,n,s,t,r,u,c,t,i,o,n,s,,, ,I,',v,e, ,c,r,e,a,t,e,d, ,a, ,f,i,l,l,-,i,n,-,t,h,e,-,b,l,a,n,k, ,a,c,t,i,v,i,t,y, ,u,s,i,n,g, ,t,h,e, ,g,i,v,e,n, ,t,e,x,t, ,d,a,t,a,., ,E,a,c,h, ,b,l,a,n,k, ,i,s, ,a,n, ,a,c,c,e,s,s,i,b,l,e, ,i,n,p,u,t, ,f,i,e,l,d,,, ,c,o,m,p,l,y,i,n,g, ,w,i,t,h, ,t,h,e, ,A,R,I,A, ,p,r,a,c,t,i,c,e,s,,, ,a,n,d, ,e,a,c,h, ,i,m,p,o,r,t,a,n,t, ,t,e,x,t, ,c,o,m,p,o,n,e,n,t, ,i,s, ,e,n,c,a,p,s,u,l,a,t,e,d, ,i,n, ,i,t,s, ,r,e,s,p,e,c,t,i,v,e, ,H,T,M,L, ,s,t,r,u,c,t,u,r,e,."
16,3,c5_10_30_web_assets_result/intermediate_outputs/16_3_adt.html,"T,h,e, ,s,t,o,r,y,',s, ,l,a,y,o,u,t, ,a,n,d, ,t,h,e,m,a,t,i,c, ,p,r,o,m,p,t,s, ,r,e,q,u,i,r,e, ,o,p,e,n,-,e,n,d,e,d, ,a,n,d, ,i,n,t,e,r,a,c,t,i,v,e, ,e,l,e,m,e,n,t,s, ,t,o, ,h,e,l,p, ,u,s,e,r,s, ,i,n,p,u,t, ,t,h,e,i,r, ,t,h,o,u,g,h,t,s, ,a,n,d, ,i,d,e,a,s, ,b,a,s,e,d, ,o,n, ,t,h,e, ,r,e,a,d,i,n,g, ,m,a,t,e,r,i,a,l,."
16,1,c5_10_30_web_assets_result/intermediate_outputs/16_1_adt.html,"T,h,e, ,i,s,s,u,e, ,i,n, ,t,h,e, ,p,r,e,v,i,o,u,s, ,H,T,M,L, ,w,a,s, ,t,h,e, ,i,n,c,l,u,s,i,o,n, ,o,f, ,a,n, ,i,c,o,n, ,e,l,e,m,e,n,t, ,w,i,t,h,i,n, ,a, ,p,a,r,a,g,r,a,p,h, ,t,h,a,t, ,h,a,d, ,a, ,d,a,t,a,-,i,d, ,a,t,t,r,i,b,u,t,e,., ,T,h,i,s, ,i,s, ,a,g,a,i,n,s,t, ,t,h,e, ,s,p,e,c,i,f,i,e,d, ,r,u,l,e,s,,, ,w,h,e,r,e, ,d,a,t,a,-,i,d, ,a,t,t,r,i,b,u,t,e,d, ,e,l,e,m,e,n,t,s, ,s,h,o,u,l,d, ,o,n,l,y, ,c,o,n,t,a,i,n, ,t,e,x,t,., ,T,h,i,s, ,v,e,r,s,i,o,n, ,f,i,x,e,s, ,t,h,a,t, ,b,y, ,s,e,p,a,r,a,t,i,n,g, ,t,h,e, ,i,c,o,n, ,a,n,d, ,t,h,e, ,t,e,x,t,."
22,0,c5_10_30_web_assets_result/intermediate_outputs/22_0_adt.html,"T,h,e, ,t,a,s,k, ,i,n,v,o,l,v,e,s, ,c,r,e,a,t,i,n,g, ,a, ,w,e,b,p,a,g,e, ,f,o,r, ,a, ,f,i,l,l,-,i,n,-,t,h,e,-,b,l,a,n,k,s, ,a,c,t,i,v,i,t,y, ,b,a,s,e,d, ,o,n, ,p,r,o,v,i,d,e,d, ,t,e,x,t, ,a,n,d, ,m,a,t,h,e,m,a,t,i,c,a,l, ,p,l,a,c,e,h,o,l,d,e,r,s,., ,W,e,',l,l, ,u,s,e, ,T,a,i,l,w,i,n,d, ,C,S,S, ,f,o,r, ,s,t,y,l,i,n,g, ,a,n,d, ,H,T,M,L, ,i,n,p,u,t, ,e,l,e,m,e,n,t,s, ,f,o,r, ,b,l,a,n,k, ,f,i,e,l,d,s,., ,T,h,e, ,s,t,r,u,c,t,u,r,e,d, ,f,o,r,m,a,t, ,e,n,s,u,r,e,s, ,a,c,c,e,s,s,i,b,i,l,i,t,y, ,a,n,d, ,c,o,m,p,l,i,a,n,c,e, ,w,i,t,h, ,g,i,v,e,n, ,i,n,s,t,r,u,c,t,i,o,n,s,."
18,2,c5_10_30_web_assets_result/intermediate_outputs/18_2_adt.html,"T,h,e, ,a,i,m, ,i,s, ,t,o, ,s,e,t, ,u,p, ,a,n, ,o,p,e,n,-,e,n,d,e,d, ,a,c,t,i,v,i,t,y, ,w,h,e,r,e, ,l,e,a,r,n,e,r,s, ,j,u,s,t,i,f,y, ,t,h,e,i,r, ,c,h,o,i,c,e, ,b,e,t,w,e,e,n, ,t,w,o, ,i,m,a,g,e,s,., ,E,a,c,h, ,i,m,a,g,e, ,r,e,p,r,e,s,e,n,t,s, ,d,i,f,f,e,r,e,n,t, ,e,c,o,l,o,g,i,c,a,l, ,c,o,n,c,e,p,t,s,., ,W,e, ,u,s,e, ,H,T,M,L, ,f,o,r,m,s, ,t,o, ,c,a,p,t,u,r,e, ,u,s,e,r, ,i,n,p,u,t, ,i,n, ,t,e,x,t, ,a,r,e,a,s,."
20,0,c5_10_30_web_assets_result/intermediate_outputs/20_0_adt.html,"T,h,e, ,g,o,a,l, ,i,s, ,t,o, ,e,n,s,u,r,e, ,t,h,e, ,p,a,g,e, ,d,e,s,i,g,n, ,a,l,i,g,n,s, ,w,i,t,h, ,t,h,e, ,s,p,e,c,i,f,i,e,d, ,r,e,q,u,i,r,e,m,e,n,t,s,,, ,p,r,o,v,i,d,i,n,g, ,a, ,c,l,e,a,r, ,a,n,d, ,a,c,c,e,s,s,i,b,l,e, ,t,a,b,l,e, ,f,o,r, ,u,s,e,r,s, ,t,o, ,f,i,l,l, ,i,n,., ,I,',v,e, ,o,r,g,a,n,i,z,e,d, ,t,h,e, ,t,e,x,t, ,s,e,c,t,i,o,n,s,,, ,h,e,a,d,e,r,s,,, ,a,n,d, ,p,l,a,c,e,h,o,l,d,e,r,s, ,a,c,c,o,r,d,i,n,g, ,t,o, ,t,h,e,s,e, ,n,e,e,d,s,."
12,1,c5_10_30_web_assets_result/intermediate_outputs/12_1_adt.html,"I,',v,e, ,a,d,j,u,s,t,e,d, ,t,h,e, ,H,T,M,L, ,t,o, ,e,n,s,u,r,e, ,t,h,a,t, ,n,o, ,t,a,g,s, ,a,r,e, ,n,e,s,t,e,d, ,w,i,t,h,i,n, ,t,h,e, ,e,l,e,m,e,n,t,s, ,t,h,a,t, ,h,a,v,e, ,t,h,e, ,',d,a,t,a,-,i,d,', ,a,t,t,r,i,b,u,t,e,., ,O,n,l,y, ,p,l,a,i,n, ,t,e,x,t, ,i,s, ,n,o,w, ,c,o,n,t,a,i,n,e,d, ,w,i,t,h,i,n, ,t,h,e,s,e, ,e,l,e,m,e,n,t,s,."
27,1,c5_10_30_web_assets_result/intermediate_outputs/27_1_adt.html,"T,h,e, ,H,T,M,L, ,c,o,n,t,e,n,t, ,i,n,c,l,u,d,e,s, ,a, ,s,t,r,u,c,t,u,r,e,d, ,s,e,c,t,i,o,n, ,w,i,t,h, ,i,n,s,t,r,u,c,t,i,o,n,s, ,a,n,d, ,t,e,x,t,s, ,t,h,a,t, ,n,e,e,d, ,t,o, ,b,e, ,m,a,t,c,h,e,d, ,w,i,t,h, ,n,u,m,b,e,r,s,., ,T,h,e, ,l,a,y,o,u,t, ,u,s,e,s, ,a, ,g,r,i,d, ,f,o,r, ,a,l,i,g,n,m,e,n,t,,, ,a,n,d, ,a, ,r,e,s,p,o,n,s,i,v,e, ,d,e,s,i,g,n, ,i,s, ,i,m,p,l,e,m,e,n,t,e,d, ,u,s,i,n,g, ,T,a,i,l,w,i,n,d, ,C,S,S, ,f,o,r, ,f,l,e,x,i,b,i,l,i,t,y, ,a,c,r,o,s,s, ,d,e,v,i,c,e,s,."
22,2,c5_10_30_web_assets_result/intermediate_outputs/22_2_adt.html,"T,h,e, ,H,T,M,L, ,s,t,r,u,c,t,u,r,e, ,i,n,c,l,u,d,e,s, ,s,e,c,t,i,o,n,s, ,f,o,r, ,b,o,t,h, ,i,n,s,t,r,u,c,t,i,o,n,s, ,a,n,d, ,i,n,t,e,r,a,c,t,i,v,e, ,i,n,p,u,t, ,f,i,e,l,d,s, ,f,o,r, ,o,p,e,n,-,e,n,d,e,d, ,q,u,e,s,t,i,o,n,s,,, ,f,o,l,l,o,w,i,n,g, ,t,h,e, ,i,m,a,g,e, ,c,o,n,t,e,x,t, ,a,n,d, ,t,y,p,e, ,r,e,q,u,i,r,e,m,e,n,t,s,., ,T,a,i,l,w,i,n,d, ,C,S,S, ,i,s, ,u,s,e,d, ,f,o,r, ,s,t,y,l,i,n,g,,, ,a,n,d, ,p,l,a,c,e,h,o,l,d,e,r,s, ,g,u,i,d,e, ,u,s,e,r, ,i,n,p,u,t,."
12,3,c5_10_30_web_assets_result/intermediate_outputs/12_3_adt.html,"I, ,m,i,s,u,n,d,e,r,s,t,o,o,d, ,t,h,e, ,i,m,a,g,e, ,I,D,s, ,p,r,o,v,i,d,e,d,., ,N,o,w, ,I,',l,l, ,e,x,c,l,u,d,e, ,a,n,y, ,i,m,a,g,e,s, ,a,n,d, ,f,o,c,u,s, ,o,n,l,y, ,o,n, ,t,h,e, ,t,e,x,t, ,a,n,d, ,t,e,x,t,a,r,e,a, ,f,o,r, ,t,h,e, ,a,c,t,i,v,i,t,y,."
28,2,c5_10_30_web_assets_result/intermediate_outputs/28_2_adt.html,"A,d,j,u,s,t,e,d, ,t,h,e, ,H,T,M,L, ,t,o, ,e,n,s,u,r,e, ,t,h,e, ,c,o,n,t,e,n,t, ,i,n,s,i,d,e, ,e,l,e,m,e,n,t,s, ,w,i,t,h, ,d,a,t,a,-,i,d, ,a,t,t,r,i,b,u,t,e,s, ,o,n,l,y, ,c,o,n,t,a,i,n, ,p,l,a,i,n, ,t,e,x,t,."
30,0,c5_10_30_web_assets_result/intermediate_outputs/30_0_adt.html,"S,i,n,c,e, ,n,o, ,i,m,a,g,e, ,I,D,s, ,w,e,r,e, ,p,r,o,v,i,d,e,d,,, ,t,h,e, ,i,m,a,g,e, ,s,e,c,t,i,o,n,s, ,n,e,e,d, ,t,o, ,b,e, ,r,e,m,o,v,e,d,., ,T,h,e, ,f,o,c,u,s, ,w,i,l,l, ,b,e, ,o,n, ,s,t,r,u,c,t,u,r,i,n,g, ,t,h,e, ,H,T,M,L, ,t,o, ,a,c,c,o,m,m,o,d,a,t,e, ,o,n,l,y, ,t,h,e, ,p,r,o,v,i,d,e,d, ,t,e,x,t,., ,T,h,e, ,d,e,s,i,g,n, ,w,i,l,l, ,m,a,i,n,t,a,i,n, ,c,l,a,r,i,t,y, ,a,n,d, ,u,t,i,l,i,z,e, ,T,a,i,l,w,i,n,d, ,f,o,r, ,s,t,y,l,i,n,g,."
25,1,c5_10_30_web_assets_result/intermediate_outputs/25_1_adt.html,"T,h,e, ,H,T,M,L, ,s,t,r,u,c,t,u,r,e, ,h,a,s, ,b,e,e,n, ,c,o,r,r,e,c,t,e,d, ,t,o, ,e,n,s,u,r,e, ,t,h,a,t, ,e,l,e,m,e,n,t,s, ,w,i,t,h, ,d,a,t,a,-,i,d, ,a,t,t,r,i,b,u,t,e,s, ,c,o,n,t,a,i,n, ,o,n,l,y, ,s,t,r,i,n,g,s, ,w,i,t,h, ,n,o, ,o,t,h,e,r, ,H,T,M,L, ,t,a,g,s, ,a,s, ,t,h,e,i,r, ,i,m,m,e,d,i,a,t,e, ,c,h,i,l,d,r,e,n,."
28,1,c5_10_30_web_assets_result/intermediate_outputs/28_1_adt.html,"T,h,e, ,p,r,e,v,i,o,u,s, ,r,e,s,p,o,n,s,e, ,i,n,a,d,v,e,r,t,e,n,t,l,y, ,i,n,c,l,u,d,e,d, ,p,l,a,c,e,h,o,l,d,e,r, ,i,m,a,g,e, ,h,a,n,d,l,i,n,g, ,w,h,i,c,h, ,w,a,s,n,',t, ,n,e,e,d,e,d, ,b,e,c,a,u,s,e, ,n,o, ,i,m,a,g,e, ,I,D,s, ,w,e,r,e, ,p,r,o,v,i,d,e,d,., ,T,h,i,s, ,v,e,r,s,i,o,n, ,w,i,l,l, ,f,o,c,u,s, ,o,n, ,t,h,e, ,a,c,t,i,v,i,t,y, ,i,n,s,t,r,u,c,t,i,o,n,s, ,a,n,d, ,f,i,l,l,-,i,n,-,t,h,e,-,b,l,a,n,k, ,e,l,e,m,e,n,t,s, ,o,n,l,y,,, ,u,s,i,n,g, ,p,l,a,c,e,h,o,l,d,e,r,s, ,w,i,t,h,o,u,t, ,a,d,d,i,t,i,o,n,a,l, ,u,n,n,e,c,e,s,s,a,r,y, ,e,l,e,m,e,n,t,s,."
23,0,c5_10_30_web_assets_result/intermediate_outputs/23_0_adt.html,"T,h,e, ,e,r,r,o,r, ,w,a,s, ,i,n, ,i,n,c,l,u,d,i,n,g, ,H,T,M,L, ,e,l,e,m,e,n,t,s, ,a,s, ,c,h,i,l,d,r,e,n, ,o,f, ,a, ,t,a,g,g,e,d, ,e,l,e,m,e,n,t,., ,T,o, ,f,i,x, ,t,h,i,s,,, ,I, ,s,e,p,a,r,a,t,e,d, ,t,h,e, ,t,e,x,t, ,a,n,d, ,i,n,p,u,t, ,e,l,e,m,e,n,t,s,,, ,e,n,s,u,r,i,n,g, ,o,n,l,y, ,t,e,x,t, ,i,s, ,w,i,t,h,i,n, ,t,h,e, ,t,a,g,g,e,d, ,e,l,e,m,e,n,t,s,., ,T,h,i,s, ,a,d,h,e,r,e,s, ,t,o, ,t,h,e, ,r,e,q,u,i,r,e,m,e,n,t,s, ,t,h,a,t, ,a, ,d,a,t,a,-,i,d, ,a,t,t,r,i,b,u,t,e, ,s,h,o,u,l,d, ,c,o,n,t,a,i,n, ,a, ,s,t,r,i,n,g, ,w,i,t,h,o,u,t, ,o,t,h,e,r, ,H,T,M,L, ,e,l,e,m,e,n,t,s,."
24,0,c5_10_30_web_assets_result/intermediate_outputs/24_0_adt.html,"I,',v,e, ,c,o,r,r,e,c,t,e,d, ,t,h,e, ,t,a,b,l,e, ,c,e,l,l,s, ,t,o, ,e,n,s,u,r,e, ,t,h,a,t, ,e,l,e,m,e,n,t,s, ,w,i,t,h, ,a, ,d,a,t,a,-,i,d, ,a,t,t,r,i,b,u,t,e, ,o,n,l,y, ,c,o,n,t,a,i,n, ,s,t,r,i,n,g,s,,, ,w,i,t,h,o,u,t, ,a,n,y, ,H,T,M,L, ,t,a,g,s, ,a,s, ,t,h,e,i,r, ,i,m,m,e,d,i,a,t,e, ,c,h,i,l,d,r,e,n,., ,T,h,e, ,d,a,t,a, ,a,n,d, ,s,t,y,l,i,n,g, ,h,a,v,e, ,b,e,e,n, ,s,t,r,u,c,t,u,r,e,d, ,u,s,i,n,g, ,T,a,i,l,w,i,n,d, ,f,o,r, ,v,i,s,u,a,l, ,c,l,a,r,i,t,y, ,a,n,d, ,i,n,t,e,r,a,c,t,i,v,i,t,y,."
22,1,c5_10_30_web_assets_result/intermediate_outputs/22_1_adt.html,"I,n, ,t,h,e, ,p,r,e,v,i,o,u,s, ,a,t,t,e,m,p,t,,, ,t,h,e, ,w,r,o,n,g, ,d,a,t,a,-,i,d, ,a,t,t,r,i,b,u,t,e, ,w,a,s, ,p,l,a,c,e,d, ,o,n, ,a, ,c,o,n,t,a,i,n,e,r, ,f,o,r, ,m,u,l,t,i,p,l,e, ,i,n,l,i,n,e, ,e,l,e,m,e,n,t,s, ,r,a,t,h,e,r, ,t,h,a,n, ,o,n, ,i,n,d,i,v,i,d,u,a,l, ,t,e,x,t, ,s,e,c,t,i,o,n,s,., ,T,h,i,s, ,t,i,m,e, ,e,a,c,h, ,r,e,l,e,v,a,n,t, ,t,e,x,t, ,s,e,c,t,i,o,n, ,w,i,l,l, ,h,a,v,e, ,i,t,s, ,o,w,n, ,d,a,t,a,-,i,d, ,a,t,t,r,i,b,u,t,e,,, ,e,n,s,u,r,i,n,g, ,p,r,o,p,e,r, ,c,o,m,p,l,i,a,n,c,e,."
18,1,c5_10_30_web_assets_result/intermediate_outputs/18_1_adt.html,"T,h,i,s, ,H,T,M,L, ,s,t,r,u,c,t,u,r,e, ,s,e,t,s, ,u,p, ,a,n, ,i,n,t,e,r,a,c,t,i,v,e, ,a,c,t,i,v,i,t,y, ,w,h,e,r,e, ,u,s,e,r,s, ,c,a,n, ,d,r,a,g, ,l,a,b,e,l,s, ,t,o, ,i,n,d,i,c,a,t,e, ,c,e,r,t,a,i,n, ,f,e,a,t,u,r,e,s, ,o,n, ,i,m,a,g,e,s,., ,L,a,b,e,l,s, ,a,r,e, ,d,r,a,g,g,a,b,l,e, ,a,n,d, ,e,a,c,h, ,i,m,a,g,e, ,h,a,s, ,d,r,o,p,p,a,b,l,e, ,a,r,e,a,s,,, ,a,l,l,o,w,i,n,g, ,s,t,u,d,e,n,t,s, ,t,o, ,v,i,s,u,a,l,l,y, ,c,o,n,n,e,c,t, ,d,e,s,c,r,i,p,t,i,o,n,s, ,t,o, ,c,o,r,r,e,s,p,o,n,d,i,n,g, ,p,a,r,t,s, ,o,f, ,t,h,e, ,p,i,c,t,u,r,e,., ,T,h,i,s, ,m,e,t,h,o,d, ,e,n,h,a,n,c,e,s, ,u,n,d,e,r,s,t,a,n,d,i,n,g, ,t,h,r,o,u,g,h, ,i,n,t,e,r,a,c,t,i,o,n,,, ,e,s,p,e,c,i,a,l,l,y, ,u,s,e,f,u,l, ,f,o,r, ,g,e,o,g,r,a,p,h,y, ,o,r, ,s,c,i,e,n,c,e, ,l,e,s,s,o,n,s,."
